"","country","year","minflu","maxflu","peakflu","troughflu","minT","maxT","peakT","troughT","minRH","maxRH","peakRH","troughRH"
"1","Argentina",1997,0,0.000224,26,17,6.22222222222222,20.0555555555556,51,26,0.600285,0.870037,25,26
"2","Argentina",1998,0,0,2,2,8.94444444444445,23.9722222222222,52,24,0.525314,0.824888,22,49
"3","Argentina",1999,0,0.001725,28,1,5.55555555555556,25.7777777777778,8,29,0.478595,0.872685,17,49
"4","Argentina",2001,0,0.002305,32,1,5.33333333333333,27.1111111111111,1,25,0.574139,0.911397,12,38
"5","Argentina",2002,0,0.00125,25,1,5.38888888888889,25.1388888888889,2,25,0.537725,0.918069,20,38
"6","Argentina",2003,0,0.006669,22,2,5.77777777777778,25.9722222222222,5,28,0.487505,0.91562,17,43
"7","Argentina",2005,0,0.002846,27,1,6.77777777777778,26.6666666666667,1,29,0.437559,0.838934,23,41
"8","Argentina",2006,0,0.001614,35,1,6.27777777777778,24.7777777777778,1,31,0.4276,0.836549,14,37
"9","Argentina",2007,0,0.003841,24,1,3.83333333333333,24.25,2,28,0.43734,0.880044,18,50
"10","Argentina",2008,0,0.002821,30,1,5.13888888888889,26.1666666666667,1,22,0.411381,0.842524,13,35
"11","Argentina",2010,0,0.006917,42,6,4.69444444444445,27,4,31,0.390346,0.90343,8,50
"12","Argentina",2011,0,0.00513,29,11,5.22222222222222,25.6944444444444,4,27,0.373597,0.833018,25,36
"13","Argentina",2012,0,0.006839,37,1,5.88888888888889,26,1,23,0.480786,0.828832,15,1
"14","Argentina",2013,0,0.019836,26,50,5.55555555555556,27.2222222222222,52,29,0.392694,0.801613,18,35
"15","Australia",1996,5.4e-05,5.4e-05,52,52,23.1111111111111,23.1111111111111,52,52,0.527216,0.527216,52,52
"16","Australia",1997,0,0.000864,26,2,9.61111111111111,26.0833333333333,7,28,0.478889,0.792169,21,47
"17","Australia",1998,0,0.003737,32,1,10.1666666666667,25.7222222222222,5,26,0.487189,0.831944,29,4
"18","Australia",1999,0,0.003803,28,2,11.1666666666667,25.5,1,31,0.549052,0.784021,12,3
"19","Australia",2001,0,0.001081,31,2,10.8888888888889,26.1111111111111,4,29,0.516069,0.814364,23,52
"20","Australia",2002,0,0.003202,32,3,10.8333333333333,24.6944444444444,51,26,0.451765,0.728017,21,49
"21","Australia",2003,0,0.005825,31,3,10.3333333333333,24.6111111111111,7,30,0.496648,0.796411,26,3
"22","Australia",2005,0,0.003971,27,2,10.3888888888889,24.5555555555556,4,28,0.486709,0.781484,28,2
"23","Australia",2006,0,0.001447,33,1,9.83333333333334,25.1111111111111,3,24,0.451161,0.749056,30,46
"24","Australia",2007,0,0.007598,33,1,9.55555555555556,24.7777777777778,5,25,0.468389,0.82885,20,42
"25","Australia",2008,0,0.00485,35,2,9.5,24.5555555555556,11,32,0.500837,0.790122,23,11
"26","Australia",2010,0,0.004747,38,4,9.38888888888889,25.6111111111111,2,26,0.473762,0.804998,21,3
"27","Australia",2011,9e-05,0.005989,34,19,10.1944444444444,26.6666666666667,5,28,0.572239,0.781087,29,37
"28","Australia",2012,4.4e-05,0.019353,28,52,9.66666666666667,24.7222222222222,4,27,0.517964,0.80589,28,52
"29","Australia",2013,4.4e-05,0.007009,35,18,10.6944444444444,25.3333333333333,1,25,0.460399,0.811022,28,42
"30","Austria",1997,0,0.004269,8,2,-3.97222222222222,11.7777777777778,40,1,0.680749,0.926868,51,10
"31","Austria",1998,0,0.002132,9,1,-5.43055555555556,14.8333333333333,28,5,0.637414,0.919903,40,10
"32","Austria",1999,0,0.007137,7,4,-4.61111111111111,14.4166666666667,39,7,0.659637,0.900189,40,13
"33","Austria",2001,0,0.005604,5,4,-5.77777777777778,12.8055555555556,40,50,0.736355,0.923738,48,10
"34","Austria",2002,0,0.00409,9,40,-6.69444444444445,8.88888888888889,43,1,0.591258,0.932725,48,14
"35","Austria",2003,0,0.011347,9,1,-9.22222222222222,5.52777777777778,44,2,0.712684,0.91096,4,8
"36","Austria",2010,0,0.001071,52,10,-4.38888888888889,23.5,28,52,0.618925,0.887756,47,10
"37","Austria",2011,0,0.020929,5,16,-4.83333333333333,23.5,34,5,0.562676,0.897413,2,19
"38","Austria",2012,0,0.015386,9,19,-10.75,22.1388888888889,34,6,0.586141,0.930403,51,18
"39","Austria",2013,0,0.020325,6,22,-3.27777777777778,23.1388888888889,31,3,0.59776,0.892807,45,29
"40","Belarus",1997,0,9.9e-05,5,1,-10.1666666666667,1.83333333333333,44,1,0.595082,0.924973,50,12
"41","Belarus",1998,0,0.000297,8,6,-13.7222222222222,11.4444444444444,39,47,0.631143,0.904394,50,13
"42","Belarus",1999,0,0.000697,10,1,-6.22222222222222,15.0555555555556,40,6,0.571519,0.930517,3,17
"43","Belarus",2001,0,0,3,3,-12.4166666666667,7.08333333333333,44,49,0.684457,0.940332,44,43
"44","Belarus",2002,0,0,2,2,-9.41666666666667,6.58333333333333,13,49,0.527691,0.904551,6,11
"45","Belarus",2003,0,0.000305,9,1,-12.0555555555556,0.944444444444446,3,1,0.713327,0.839103,3,5
"46","Belarus",2005,0,0.001343,11,1,-9.61111111111111,11.5833333333333,15,9,0.59432,0.90196,1,15
"47","Belarus",2006,0,0,1,1,-15,10.2777777777778,43,6,0.42649,0.957516,48,17
"48","Belarus",2007,0,0.001463,14,2,-14.4444444444444,8.33333333333333,12,8,0.602812,0.932882,9,14
"49","Belarus",2008,0,0.002101,50,3,-2.44444444444444,7.40277777777778,44,50,0.801627,0.918424,48,9
"50","Belarus",2010,0,0.000844,52,45,-9.27777777777778,7.66666666666667,46,48,0.735534,0.957668,47,40
"51","Belarus",2011,0,0.020676,7,17,-16.1111111111111,22.625,29,7,0.499858,0.936532,50,16
"52","Belarus",2012,0,0.001902,15,1,-19.7222222222222,22.7222222222222,27,5,0.580018,0.972448,48,18
"53","Belarus",2013,0,0.009615,7,1,-13,19.9444444444444,19,4,0.505931,0.963796,47,19
"54","Belgium",1997,0,0.009832,4,11,-6.61111111111111,17.0555555555556,35,1,0.706733,0.91041,5,9
"55","Belgium",1998,0,0.004895,52,2,-2.05555555555556,15.0833333333333,39,47,0.751995,0.934049,48,10
"56","Belgium",1999,0,0.005079,50,11,0.333333333333334,15.6111111111111,39,6,0.725687,0.931838,4,42
"57","Belgium",2001,0,0.002629,3,14,-0.88888888888889,18.4722222222222,19,3,0.561228,0.949792,48,19
"58","Belgium",2002,0,0.016197,2,50,-1.77777777777778,11.1666666666667,14,1,0.491824,0.915025,50,14
"59","Belgium",2003,0,0.008274,48,41,3.5,10.5555555555556,47,43,0.741657,0.934237,50,42
"60","Belgium",2005,0.000956,0.00937,9,12,-2.11111111111111,11.6111111111111,12,9,0.665026,0.883937,1,11
"61","Belgium",2007,0,0.002156,52,35,-1.63888888888889,14.5277777777778,36,51,0.754674,0.953854,48,38
"62","Belgium",2008,0,0.009178,7,4,-1.61111111111111,20.1388888888889,30,52,0.48672,0.899325,45,19
"63","Belgium",2010,0,0.004832,52,10,-3.38888888888889,17.7777777777778,23,1,0.633616,0.943947,50,17
"64","Belgium",2011,0,0.007196,3,12,-2,17.75,31,5,0.480386,0.97031,41,18
"65","Belgium",2012,0,0.008557,5,18,-6.38888888888889,16.6111111111111,21,6,0.615487,0.956452,9,6
"66","Belgium",2013,0,0.009872,5,17,-3.16666666666667,21.3888888888889,30,3,0.592048,0.955648,1,10
"67","Brazil",1997,0,4.8e-05,25,1,22.3611111111111,27.6666666666667,52,32,0.683955,0.892105,11,32
"68","Brazil",1998,0,1.8e-05,6,1,22.5833333333333,28.5,6,24,0.721771,0.882213,3,19
"69","Brazil",1999,0,7.6e-05,24,1,21.1111111111111,27.3055555555556,3,33,0.671769,0.871248,9,39
"70","Brazil",2001,0,3.4e-05,16,6,21.1666666666667,27,6,25,0.758312,0.864412,21,29
"71","Brazil",2002,0,5e-05,31,36,22.8888888888889,27.3333333333333,9,26,0.726901,0.862111,25,39
"72","Brazil",2003,0,6.6e-05,23,4,22.6944444444444,27.9444444444444,2,28,0.674303,0.895394,10,33
"73","Brazil",2005,0,0.00014,20,2,21.6111111111111,27.4166666666667,1,28,0.605539,0.92289,17,31
"74","Brazil",2006,0,0.000297,35,1,21.6666666666667,27.2777777777778,4,21,0.585944,0.875547,16,34
"75","Brazil",2007,0,0.000253,12,50,21.7777777777778,27.25,44,30,0.56211,0.881969,8,34
"76","Brazil",2008,0,0.000193,31,2,22,26.8611111111111,43,26,0.640221,0.880113,13,35
"77","Brazil",2010,5e-06,0.000478,10,29,20.6805555555556,27.9444444444444,5,33,0.618086,0.8903,14,37
"78","Brazil",2011,0,0.00025,2,52,21.4722222222222,27,51,24,0.580296,0.871059,10,36
"79","Brazil",2012,1e-05,0.000574,29,48,21,26.8611111111111,51,29,0.621916,0.849359,20,34
"80","Brazil",2013,2e-05,0.002024,24,52,21.6666666666667,27.2777777777778,10,30,0.62605,0.8584,15,31
"81","Bulgaria",1997,0,0,5,5,0.0555555555555564,5.91666666666667,11,5,0.678804,0.706012,11,5
"82","Bulgaria",1998,0,0.000242,4,8,-3.66666666666667,17.1666666666667,39,4,0.604215,0.927455,48,15
"83","Bulgaria",1999,0,0.000122,5,4,-4.11111111111111,21.2777777777778,39,5,0.633143,0.875949,13,8
"84","Bulgaria",2001,0,0.001113,4,5,-4.5,7.94444444444444,6,50,0.729981,0.856406,4,2
"85","Bulgaria",2002,0,0.000126,4,1,-4.94444444444444,8.27777777777778,5,1,0.656107,0.875157,3,5
"86","Bulgaria",2003,0,0.00141,51,7,-4.94444444444444,7.25,48,7,0.591453,0.972318,48,12
"87","Bulgaria",2005,0.000129,0.001032,11,4,-11.0555555555556,8.47222222222222,11,6,0.604063,0.885736,8,11
"88","Bulgaria",2006,0,0.001301,47,50,3.22222222222222,8.63888888888889,47,49,0.813037,0.920325,49,50
"89","Bulgaria",2007,0,0.002865,3,40,-3.11111111111111,16.3333333333333,40,51,0.638267,0.91106,43,5
"90","Bulgaria",2008,0,0.000916,3,1,-6.11111111111111,14.7222222222222,44,2,0.573029,0.95672,3,9
"91","Bulgaria",2010,0,0.000926,1,9,-1.25,27.0833333333333,33,50,0.599043,0.949689,42,11
"92","Bulgaria",2011,0,0.004982,5,1,-4.88888888888889,26.3055555555556,28,5,0.560465,0.907357,3,37
"93","Bulgaria",2012,0,0.004643,5,1,-10.7222222222222,27.75,28,5,0.480967,0.895227,46,34
"94","Bulgaria",2013,0,0.007666,11,1,-2.25,25.25,25,2,0.53917,0.943169,8,36
"95","Cambodia",2006,0,0.000515,39,31,24.3611111111111,29.5,36,51,0.679265,0.921687,41,51
"96","Cambodia",2007,0,0.000804,10,1,23.9444444444444,31.5833333333333,16,5,0.531026,0.890188,40,5
"97","Cambodia",2008,0,0.0015,42,1,24.7777777777778,31.2777777777778,16,48,0.629279,0.908076,24,8
"98","Cambodia",2010,0,0.009557,43,13,26.1944444444444,33.9166666666667,19,3,0.527754,0.872793,41,10
"99","Cambodia",2011,0,0.011232,44,52,25.7222222222222,30.8888888888889,19,3,0.52716,0.829441,41,11
"100","Cambodia",2012,0,0.001413,44,2,27.6111111111111,32.2777777777778,16,38,0.590252,0.865312,38,11
"101","Cambodia",2013,0,0.001884,45,8,23.4444444444444,32.6111111111111,14,51,0.521133,0.892183,40,8
"102","Cameroon",2007,0,0.000156,47,45,25.0555555555556,27.75,52,46,0.329109,0.799622,45,52
"103","Cameroon",2008,0,0.001313,48,1,23.5277777777778,30.6666666666667,12,29,0.277224,0.93239,17,6
"104","Cameroon",2010,0,0.001536,47,2,23.8055555555556,30.0833333333333,16,34,0.2313,0.960373,39,13
"105","Cameroon",2011,0,0.001738,40,12,23,28.8888888888889,10,3,0.464861,1.026058,37,4
"106","Cameroon",2012,0,0.002166,41,6,23.7222222222222,31.1388888888889,17,2,0.237611,0.952696,29,12
"107","Cameroon",2013,0,0.002396,47,27,22.7222222222222,27.5277777777778,9,30,0.500879,0.97864,30,6
"108","Canada",1997,0,0.005832,2,1,-22.1666666666667,16.3888888888889,32,4,0.655859,0.860449,49,4
"109","Canada",1998,0,0.016551,7,9,-18.8055555555556,19.6111111111111,32,2,0.5287,0.821079,44,18
"110","Canada",1999,0,0.02478,52,8,-19.1388888888889,17.25,30,2,0.55276,0.814415,50,17
"111","Canada",2001,0,0.012307,6,18,-13.7777777777778,17.8611111111111,32,7,0.543996,0.812334,43,17
"112","Canada",2002,0,0.016515,5,31,-17.5555555555556,17.7777777777778,30,4,0.533365,0.850952,36,12
"113","Canada",2003,3.2e-05,0.026202,52,33,-22.3888888888889,18.9166666666667,33,4,0.573046,0.814533,52,7
"114","Canada",2006,0,0.005101,51,35,-9.55555555555556,15.5555555555556,36,48,0.656049,0.801885,42,51
"115","Canada",2007,0,0.028707,10,27,-15.2777777777778,19.8333333333333,30,6,0.539432,0.768201,41,19
"116","Canada",2008,0,0.026905,15,31,-20.4166666666667,17.8888888888889,30,51,0.575016,0.84302,45,16
"117","Canada",2010,0,0.039826,52,15,-15.6666666666667,17.8333333333333,30,1,0.536684,0.810302,3,14
"118","Canada",2011,2.9e-05,0.053138,1,29,-19,16.9444444444444,27,9,0.528168,0.806927,50,20
"119","Canada",2012,5.7e-05,0.043577,50,33,-22.25,19.9722222222222,28,3,0.491456,0.829292,44,20
"120","Canada",2013,2.9e-05,0.110578,1,31,-17.6666666666667,17.6111111111111,33,51,0.476135,0.844346,48,19
"121","Chile",1997,0,0.00067,40,1,5.16666666666667,18.6666666666667,2,31,0.564205,0.934509,27,1
"122","Chile",1998,0,0.000399,13,1,7.69444444444445,18.3333333333333,8,33,0.642708,0.927636,26,51
"123","Chile",1999,0,0.002231,19,9,6.18055555555556,18,7,23,0.669358,0.914082,20,13
"124","Chile",2001,0,0.016632,25,1,4.19444444444444,18.1111111111111,52,30,0.642605,0.904052,25,48
"125","Chile",2002,0,0.001705,33,2,4.48611111111111,20.0277777777778,3,25,0.597375,0.879377,26,1
"126","Chile",2003,0,0.004251,27,1,6.72222222222222,18.7222222222222,4,28,0.63068,0.888338,27,1
"127","Chile",2005,0,0.00986,24,1,8.02777777777778,19.7222222222222,6,29,0.582035,0.886429,26,37
"128","Chile",2006,0,0.004483,28,1,7.77777777777778,19.25,8,30,0.619211,0.864815,30,46
"129","Chile",2007,0,0.005703,23,5,6.77777777777778,19.7777777777778,3,32,0.564636,0.87188,22,9
"130","Chile",2008,0,0.006248,19,1,6.80555555555556,19.3055555555556,6,22,0.602579,0.864261,28,15
"131","Chile",2010,0,0.020844,35,2,6.41666666666667,17.8888888888889,4,28,0.611476,0.856162,24,5
"132","Chile",2011,0,0.006465,32,3,5.72222222222222,19.6666666666667,6,26,0.622985,0.841063,30,51
"133","Chile",2012,5.7e-05,0.008875,28,4,6.16666666666667,19.5,3,27,0.616042,0.844963,25,47
"134","Chile",2013,5.7e-05,0.011738,28,6,7.36111111111111,19.5277777777778,6,34,0.543794,0.884421,26,39
"135","China",1997,0,3.7e-05,23,44,-1.44444444444445,26.4444444444444,29,2,0.444243,0.788422,31,7
"136","China",1998,0,2.2e-05,51,4,-1.86111111111111,19.7777777777778,16,4,0.478451,0.698116,8,4
"137","China",1999,0,2e-04,34,52,-3,22.6666666666667,34,51,0.413437,0.760752,43,51
"138","China",2001,0,8e-05,18,42,-2.80555555555556,26.2777777777778,27,2,0.377363,0.820046,33,12
"139","China",2002,0,0.000119,5,6,-4.23611111111111,26.7222222222222,31,52,0.414969,0.786083,30,6
"140","China",2003,2e-06,0.000205,13,49,-4.97222222222222,25.6666666666667,30,1,0.457787,0.811575,33,15
"141","China",2005,7e-06,0.000501,22,1,-2.77777777777778,26,28,2,0.39377,0.829918,32,5
"142","China",2006,6e-06,0.000312,11,45,-1.72222222222222,26.7777777777778,32,1,0.370148,0.801481,28,13
"143","China",2007,2.6e-05,0.000406,3,39,-0.777777777777777,25.3333333333333,26,2,0.384876,0.86505,40,5
"144","China",2008,2e-05,0.000433,11,24,-3.5,26.1666666666667,30,4,0.392801,0.795525,35,9
"145","China",2010,8.8e-05,0.001669,3,24,-2.66666666666667,26.7777777777778,30,52,0.36519,0.831405,38,4
"146","China",2011,2.9e-05,0.001442,4,25,-4.44444444444444,26.4166666666667,30,3,0.313915,0.816687,37,2
"147","China",2012,3.7e-05,0.002337,8,40,-3.5,25.6666666666667,32,52,0.34205,0.807091,30,14
"148","China",2013,0.00013,0.002634,52,24,-3.94444444444445,26.6666666666667,31,1,0.355682,0.827394,28,15
"149","Colombia",1997,0,0.000157,44,1,25.0555555555556,28.9305555555556,35,26,0.592679,0.880447,47,35
"150","Colombia",1998,0,0.00031,35,1,25.3611111111111,28.6111111111111,24,22,0.680606,0.936176,46,29
"151","Colombia",1999,0,0.000178,28,1,24.2222222222222,28,21,27,0.686391,0.89624,7,33
"152","Colombia",2001,0,0.000322,13,10,24.6666666666667,28.1111111111111,33,19,0.634487,0.941676,19,34
"153","Colombia",2002,0,0.000341,17,3,23.6666666666667,28.3333333333333,36,23,0.633894,0.867992,23,36
"154","Colombia",2003,0,0.000284,52,1,24.8194444444444,27.75,14,38,0.623533,0.845921,17,10
"155","Colombia",2005,0,0.000417,23,5,25.7777777777778,28.2222222222222,11,51,0.686955,0.882334,20,11
"156","Colombia",2006,0,0.000252,15,8,23.9722222222222,27.8611111111111,26,23,0.641555,0.901317,10,39
"157","Colombia",2007,0,0.000991,19,2,23.8888888888889,27.7777777777778,7,25,0.636521,0.9425,22,9
"158","Colombia",2008,0,4.4e-05,26,1,24.0833333333333,27.6111111111111,12,26,0.608741,0.914051,21,12
"159","Colombia",2010,2.1e-05,0.000905,22,43,24.6111111111111,28.6388888888889,12,29,0.662021,0.882216,46,1
"160","Colombia",2011,4.2e-05,0.000745,21,40,25.7222222222222,27.7777777777778,13,48,0.693658,0.905726,48,5
"161","Colombia",2012,2.1e-05,0.000907,1,30,25.8333333333333,28.5,23,33,0.688007,0.866961,42,8
"162","Colombia",2013,0,0.00174,26,47,26.3333333333333,28.0555555555556,27,20,0.656572,0.859217,45,1
"163","Costa Rica",2005,0.000231,0.000231,31,31,25.6111111111111,27.3888888888889,35,31,0.822752,0.914385,31,35
"164","Costa Rica",2006,0.000226,0.001139,26,48,24.3055555555556,28,40,23,0.644256,0.911564,23,47
"165","Costa Rica",2007,0,0.000903,1,23,24.5555555555556,28.0555555555556,16,22,0.635709,0.947598,22,2
"166","Costa Rica",2008,0,0.001324,25,3,22.5,26.8055555555556,20,47,0.550747,0.948781,42,9
"167","Costa Rica",2010,0.000638,0.018299,8,52,21.9861111111111,27.5,16,52,0.558631,0.988818,39,13
"168","Costa Rica",2011,0,0.005663,50,7,21.6111111111111,26.8055555555556,13,42,0.552752,0.990163,41,10
"169","Costa Rica",2012,0,0.008116,41,14,22.4444444444444,26.6111111111111,20,47,0.560943,0.887585,43,13
"170","Costa Rica",2013,0,0.01207,28,1,23.7222222222222,26.9444444444444,18,9,0.555214,0.900665,38,17
"171","Croatia",1997,0,0.000441,3,1,4.19444444444444,19.3333333333333,41,5,0.457512,0.946603,48,15
"172","Croatia",1998,0,0.000221,4,3,1.88888888888889,17.7777777777778,39,49,0.45907,0.834426,40,12
"173","Croatia",1999,0,0.005074,6,1,0.88888888888889,15.0555555555556,44,7,0.541187,0.806033,50,5
"174","Croatia",2001,0,0.002931,8,1,2,13.3611111111111,11,50,0.452219,0.919656,1,50
"175","Croatia",2002,0,0.00473,7,1,0.88888888888889,17.0277777777778,46,1,0.444243,0.893944,50,13
"176","Croatia",2003,0,0.00518,14,1,-1.01388888888889,22.5,19,2,0.392296,0.841345,48,12
"177","Croatia",2005,0,0,46,46,2.61111111111111,8.72222222222222,46,47,0.644197,0.852055,49,51
"178","Croatia",2006,0,0.007886,50,1,-1,16.9444444444444,17,4,0.446504,0.842648,48,4
"179","Croatia",2007,0.001127,0.014873,6,12,2.56944444444444,12.7777777777778,11,52,0.536672,0.862337,6,11
"180","Croatia",2008,0,0.011951,6,50,1.11111111111111,13.7777777777778,17,52,0.538912,0.890754,3,4
"181","Croatia",2010,0,0.030104,52,8,-0.666666666666666,27,29,4,0.580659,0.953991,51,10
"182","Croatia",2011,0,0.064505,4,17,0.666666666666668,19.6666666666667,40,1,0.475877,0.862473,7,15
"183","Croatia",2012,0,0.02856,9,20,-6.94444444444444,20.0555555555556,18,6,0.433232,0.857929,47,10
"184","Croatia",2013,0,0.039606,10,20,1.33333333333333,19.9444444444444,18,6,0.535409,0.901878,47,16
"185","Cuba",1996,9.1e-05,0.001094,9,1,22.6111111111111,28.2777777777778,26,2,0.696286,0.901263,2,14
"186","Cuba",1997,9.1e-05,0.000363,25,15,26,28.7222222222222,28,15,0.763622,0.87354,35,15
"187","Cuba",1998,9e-05,0.000271,23,20,22.3055555555556,29.0555555555556,23,6,0.660744,0.87916,22,6
"188","Cuba",1999,9e-05,0.00018,32,5,22.7222222222222,28.8333333333333,32,7,0.713179,0.825821,28,10
"189","Cuba",2010,8.9e-05,0.008508,15,52,18.2777777777778,28.5,23,2,0.626063,0.912244,39,10
"190","Cuba",2011,0,0.004789,37,5,21.5555555555556,28.3888888888889,32,2,0.681105,0.898726,42,19
"191","Cuba",2012,0,0.003194,26,2,20.25,28.2222222222222,23,1,0.695041,0.901268,25,15
"192","Cuba",2013,0,0.005678,27,2,20.9722222222222,27.8611111111111,30,10,0.63433,0.889684,45,10
"193","Czech Republic",1997,0,0.003493,12,1,-8.69444444444444,13.3611111111111,18,1,0.662403,0.949054,51,16
"194","Czech Republic",1998,0,0.003011,16,5,-6.22222222222222,9.44444444444444,41,5,0.629901,0.955427,40,13
"195","Czech Republic",1999,0,0.004957,2,15,-5.11111111111111,14.4722222222222,39,5,0.690877,0.934512,45,13
"196","Czech Republic",2001,0,0.012094,3,15,-5.19444444444445,14.5,24,50,0.70099,0.969229,43,15
"197","Czech Republic",2002,0,0.001762,6,1,-7.30555555555556,8.11111111111111,43,1,0.517791,0.957898,48,14
"198","Czech Republic",2003,0,0.003135,7,1,-8.5,10.0555555555556,40,2,0.518066,0.945389,47,12
"199","Czech Republic",2005,0,0.001564,4,41,-4.61111111111111,12.7222222222222,40,4,0.759631,0.916827,49,41
"200","Czech Republic",2006,0,0.002145,8,40,-10.7222222222222,13.8333333333333,20,4,0.524774,0.959341,46,19
"201","Czech Republic",2007,0,0.004365,6,16,-5.33333333333333,14.2222222222222,17,51,0.51946,0.941807,43,16
"202","Czech Republic",2008,0,0.002792,5,1,-3.58333333333333,13.3888888888889,19,52,0.581295,0.894852,3,19
"203","Czech Republic",2010,0,0.002761,2,15,-6.86111111111111,16.6944444444444,30,52,0.583951,0.912403,2,17
"204","Czech Republic",2011,0,0.006949,7,47,-7.77777777777778,12.5555555555556,17,8,0.571684,0.920801,2,10
"205","Czech Republic",2012,0,0.004948,11,4,-12.8888888888889,18.8888888888889,18,6,0.528251,0.955496,51,18
"206","Czech Republic",2013,0,0.012649,4,44,-5.5,18.8888888888889,27,4,0.666887,0.903491,1,17
"207","Denmark",1997,0,0.000568,10,7,0.388888888888891,5.55555555555556,8,7,0.875342,0.900752,7,9
"208","Denmark",1998,0,0.002832,6,2,-1.58333333333333,15.6111111111111,36,49,0.679871,0.961495,50,12
"209","Denmark",1999,0,0.003951,7,11,-1.72222222222222,18.1111111111111,36,6,0.76998,0.956139,9,37
"210","Denmark",2001,0,0.002056,4,1,-2.19444444444444,13.6111111111111,40,9,0.710268,0.958442,4,12
"211","Denmark",2002,0,0.000931,10,1,-1,12.6111111111111,39,50,0.700538,0.94701,3,14
"212","Denmark",2003,0,0.002785,10,1,-4.72222222222222,11.8888888888889,39,1,0.549191,0.956799,47,14
"213","Denmark",2005,0,0.002586,6,40,-1.94444444444444,13.5555555555556,41,9,0.68205,0.934189,44,12
"214","Denmark",2006,0,0.004603,10,1,-3.16666666666667,14.3333333333333,40,4,0.754455,0.958305,48,12
"215","Denmark",2007,0,0.005501,9,1,-0.0555555555555564,12,17,4,0.724729,0.948684,9,13
"216","Denmark",2008,0,0.002905,51,17,1.27777777777778,14.6111111111111,19,1,0.708017,0.938616,48,19
"217","Denmark",2010,0,0.004138,52,9,-5.55555555555556,20.9722222222222,28,51,0.711106,0.92812,37,18
"218","Denmark",2011,0,0.022841,3,19,-4.25,18.8888888888889,31,8,0.656107,0.987573,44,18
"219","Denmark",2012,0,0.043825,52,1,-5.22222222222222,18.4722222222222,30,6,0.607337,0.93197,52,14
"220","Denmark",2013,0,0.070656,1,21,-3.97222222222222,19.3888888888889,30,3,0.636693,0.979187,1,10
"221","Dominican Republic",2005,0,0.000107,20,1,23.0555555555556,30.1111111111111,30,5,0.772075,0.937011,20,7
"222","Dominican Republic",2006,0,0.000105,37,1,24.9444444444444,29.3055555555556,23,10,0.78774,0.952808,31,18
"223","Dominican Republic",2007,0,0,1,1,24.7777777777778,29.4444444444444,31,2,0.813312,0.947118,50,7
"224","Dominican Republic",2008,0,0.000309,14,1,23.4166666666667,29.625,32,5,0.786924,0.927428,47,12
"225","Dominican Republic",2010,0,0.001296,33,2,23.4305555555556,29.3333333333333,27,52,0.734616,0.938463,29,14
"226","Dominican Republic",2011,0,0.001773,28,2,24.0833333333333,29.2222222222222,32,1,0.698002,0.952689,23,12
"227","Dominican Republic",2012,0,0.00156,19,1,24.1111111111111,29.7222222222222,30,1,0.760393,0.932932,1,16
"228","Dominican Republic",2013,0,0.002725,22,1,24.6111111111111,29.1944444444444,31,10,0.754197,0.924028,36,11
"229","Egypt",1997,0,0,51,51,14.0555555555556,14.0555555555556,51,51,0.686459,0.686459,51,51
"230","Egypt",1998,0,1.6e-05,4,3,13.8055555555556,29.6666666666667,29,51,0.494442,0.657191,52,4
"231","Egypt",1999,0,1.5e-05,43,1,14.7083333333333,24.7361111111111,43,2,0.601882,0.698741,1,43
"232","Egypt",2001,0,6e-05,7,1,13.8333333333333,24.3333333333333,42,51,0.49713,0.698253,2,5
"233","Egypt",2002,0,0.000383,4,39,11.8888888888889,29.4166666666667,39,1,0.498749,0.663132,43,8
"234","Egypt",2003,0.000145,0.000363,1,3,15.5555555555556,16.2777777777778,1,3,0.575334,0.626762,3,1
"235","Egypt",2005,0,0.000346,51,43,13.0277777777778,22.5,43,52,0.5644,0.723464,50,48
"236","Egypt",2006,1.4e-05,0.000331,3,9,12.4444444444444,21.1944444444444,44,52,0.438593,0.746923,1,12
"237","Egypt",2007,0,0.000281,47,1,13.1388888888889,25.1111111111111,44,1,0.464487,0.640016,43,44
"238","Egypt",2008,0,0.000224,43,1,12.1944444444444,24.7777777777778,12,3,0.313512,0.661177,4,12
"239","Egypt",2010,0,0.009544,1,21,14.2222222222222,32.0694444444444,25,4,0.365381,0.680785,1,25
"240","Egypt",2011,0,0.006287,1,7,14.0833333333333,30.5,29,52,0.387077,0.677129,3,18
"241","Egypt",2012,0,0.000768,51,29,11.6944444444444,31.5,29,2,0.362916,0.665212,52,17
"242","Egypt",2013,1.2e-05,0.000595,52,32,12.5,31.0833333333333,22,2,0.262144,0.659079,45,22
"243","El Salvador",2006,0,0.000983,40,1,25.3888888888889,30.5555555555556,16,23,0.504516,0.967255,23,7
"244","El Salvador",2008,0,0.001301,26,1,24.1388888888889,27.75,20,22,0.645316,0.945291,22,4
"245","El Salvador",2010,0,0.007074,29,2,24.25,30.75,19,2,0.540167,0.997911,26,45
"246","El Salvador",2011,0,0.003193,37,3,23.9444444444444,30.4166666666667,18,42,0.517326,1.012941,42,12
"247","El Salvador",2012,0,0.005558,27,1,25.0833333333333,29.4444444444444,9,47,0.522424,0.928605,25,1
"248","El Salvador",2013,0,0.0027,49,1,25.8611111111111,30.3333333333333,20,3,0.531022,0.932567,37,10
"249","Estonia",2008,0,0.019389,10,1,-6.66666666666667,18.4444444444444,30,1,0.548436,1.006751,50,21
"250","Estonia",2010,0,0.061184,1,17,-18.1111111111111,24.3333333333333,28,4,0.635994,0.961942,37,17
"251","Estonia",2011,0,0.124624,4,18,-18.2777777777778,20.8888888888889,23,7,0.544393,0.952148,47,19
"252","Estonia",2012,0,0.044791,11,1,-17.8888888888889,18.8333333333333,30,5,0.594481,0.930168,1,15
"253","Estonia",2013,0,0.08362,7,20,-9.61111111111111,19,32,11,0.621232,0.960037,47,18
"254","Finland",1997,0,0.011298,6,21,-13.8055555555556,18.6944444444444,32,7,0.497411,0.968559,45,23
"255","Finland",1998,0,0.031465,8,1,-16.2777777777778,14.1111111111111,37,5,0.489591,0.950785,3,15
"256","Finland",1999,0,0.028872,6,28,-22.1666666666667,18.8611111111111,28,6,0.536728,0.95467,1,20
"257","Finland",2001,0,0.024696,5,39,-17.7222222222222,12,38,8,0.597932,0.973942,41,15
"258","Finland",2002,0,0.014624,11,1,-16.9166666666667,2.44444444444444,13,52,0.690519,0.969685,3,13
"259","Finland",2003,0,0.029505,49,45,-25.1388888888889,7.88888888888889,39,1,0.461742,0.97938,48,17
"260","Finland",2005,0,0.005726,6,50,-12.2777777777778,3.05555555555556,15,9,0.672336,0.927636,2,12
"261","Finland",2006,0,0.006655,9,2,-18.75,13.0555555555556,38,3,0.518712,0.993334,47,17
"262","Finland",2007,0,0.007576,6,15,-19.1666666666667,11.6111111111111,39,6,0.60936,1.006558,40,14
"263","Finland",2008,0,0.013957,3,40,-7.58333333333333,7.72222222222222,43,12,0.741397,0.965925,6,12
"264","Finland",2010,0,0.01135,50,3,-17.6944444444444,12.7222222222222,37,1,0.767382,0.939096,38,51
"265","Finland",2011,0,0.011717,3,17,-22.2222222222222,20.1388888888889,30,7,0.510668,0.9613,50,19
"266","Finland",2012,0,0.008697,7,1,-21.0555555555556,17.1111111111111,31,5,0.612922,0.971996,40,15
"267","Finland",2013,0,0.007388,8,17,-12.3888888888889,18.7777777777778,22,11,0.608292,0.975194,43,14
"268","France",1997,0,0.002589,1,31,-1.94444444444444,21.3333333333333,31,1,0.689879,0.910638,48,39
"269","France",1998,0,0.002928,8,17,-0.527777777777777,24.8333333333333,32,47,0.572233,0.904,50,32
"270","France",1999,0,0.024061,2,17,3.26388888888889,21.9722222222222,31,47,0.64069,0.90601,42,25
"271","France",2001,0,0.001864,4,1,0.472222222222223,19.3888888888889,25,51,0.60271,0.902671,48,25
"272","France",2002,0,0.010452,5,19,1.91666666666667,21.5555555555556,33,1,0.609945,0.91691,51,13
"273","France",2003,0,0.003987,50,39,-1.52777777777778,15.1666666666667,17,2,0.56576,0.929712,47,11
"274","France",2005,0,0.003318,6,40,0.444444444444443,16.4444444444444,41,8,0.687079,0.870566,42,11
"275","France",2006,0,0.001734,7,40,1.05555555555555,16.3333333333333,43,4,0.612272,0.887402,41,11
"276","France",2007,0,0.003163,6,15,1.61111111111111,17.3888888888889,17,4,0.664646,0.91099,52,51
"277","France",2008,0,0.002991,52,40,2.33333333333333,14.5555555555556,41,52,0.683066,0.898765,45,6
"278","France",2010,0,0.007639,52,18,-0.777777777777777,22.4444444444444,26,2,0.58979,0.904166,46,10
"279","France",2011,0,0.013476,5,23,1.83333333333333,22.1388888888889,34,5,0.555226,0.910125,45,16
"280","France",2012,0,0.01543,9,26,-4.5,21.9166666666667,34,6,0.565591,0.928018,41,13
"281","France",2013,0,0.02061,6,22,0.999999999999998,23.4444444444444,29,8,0.631055,0.900956,40,28
"282","French Guiana",1997,0,0,9,9,25.5,25.9305555555556,52,9,0.898688,0.96727,52,9
"283","French Guiana",1998,0,0.000352,52,5,24.7777777777778,27.1111111111111,21,52,0.937361,1.021429,52,9
"284","French Guiana",1999,0,0.002336,12,1,25.0555555555556,27.5833333333333,37,10,0.823423,0.996534,22,11
"285","French Guiana",2001,0,0.000223,52,49,25.8888888888889,26.8888888888889,50,51,0.885982,0.972616,51,50
"286","French Guiana",2002,0,0.002005,3,9,25.0833333333333,27.25,38,23,0.816424,0.993829,14,39
"287","French Guiana",2003,0,0.000762,20,1,25.4722222222222,27.9722222222222,38,21,0.796833,0.979117,20,41
"288","French Guiana",2005,0,0.000526,8,1,25.5555555555556,27.0277777777778,2,4,0.857023,0.96644,14,7
"289","French Guiana",2008,0,0.000684,11,40,24.6666666666667,27.7222222222222,42,10,0.798128,0.968073,52,44
"290","French Guiana",2010,0,0.001024,3,8,25.4722222222222,28.0277777777778,42,51,0.81147,1.006076,21,40
"291","French Guiana",2011,0,0.000543,6,1,24.8333333333333,27.7222222222222,39,6,0.802326,0.988779,10,39
"292","French Guiana",2012,0,0.002458,16,1,24.6111111111111,28.125,39,3,0.765218,0.985746,14,46
"293","French Guiana",2013,0,0.001572,12,4,25.0277777777778,27.4444444444444,36,51,0.815437,0.991039,52,41
"294","Germany",1996,0,2.4e-05,49,2,-1.55555555555556,4.22222222222222,49,3,0.842091,0.920947,2,49
"295","Germany",1997,0,0.000988,6,18,-7.08333333333333,17.7777777777778,20,1,0.583361,0.939156,4,16
"296","Germany",1998,0,0.00128,5,14,-3.22222222222222,22.3055555555556,32,47,0.579837,0.901847,39,32
"297","Germany",1999,0,0.006908,7,12,-1.27777777777778,15.1111111111111,39,6,0.710405,0.956647,5,13
"298","Germany",2001,0,0.010888,4,25,-2.38888888888889,14.5,40,3,0.709234,0.952558,48,24
"299","Germany",2002,0,0.002013,10,15,-4.19444444444444,11.4444444444444,40,50,0.538845,0.936124,48,14
"300","Germany",2003,0,0.005344,8,39,-5.52777777777778,11.3611111111111,39,2,0.645996,0.896911,48,12
"301","Germany",2005,0,0.002849,9,40,-3.27777777777778,13.1111111111111,43,9,0.685723,0.92722,49,9
"302","Germany",2006,0,0.001541,13,1,-5.16666666666667,15.7777777777778,18,4,0.538654,0.907784,3,18
"303","Germany",2007,0,0.002709,9,18,-2.61111111111111,20.1944444444444,23,51,0.502575,0.927765,52,18
"304","Germany",2008,0,0.000622,51,1,-2,21.3055555555556,31,52,0.524916,0.926789,51,19
"305","Germany",2010,0,0.000538,52,13,-4.27777777777778,24.6388888888889,28,1,0.604159,0.925684,3,26
"306","Germany",2011,0,0.002861,5,16,-2.61111111111111,20.6111111111111,34,5,0.502687,0.931029,3,19
"307","Germany",2012,0,0.000989,10,20,-8.55555555555556,20.8611111111111,30,6,0.635649,0.954004,51,5
"308","Germany",2013,0,0.003077,6,20,-4,22.3888888888889,30,3,0.622048,0.934896,1,29
"309","Ghana",2008,0,0.000303,26,1,25.3611111111111,30.0277777777778,8,37,0.414926,0.994784,18,2
"310","Ghana",2010,0,0.008419,13,2,25,31.6666666666667,8,29,0.717041,0.936038,29,6
"311","Ghana",2011,0,0.00121,24,37,24.8888888888889,31.2222222222222,14,30,0.418193,0.938417,31,6
"312","Ghana",2012,0,0.00138,29,1,24.4305555555556,30.25,12,33,0.4974,0.943174,43,6
"313","Ghana",2013,0,0.000788,45,5,24,29.9166666666667,9,30,0.40785,0.961425,30,5
"314","Greece",1997,0,0.001955,1,3,7.38888888888889,16.5,45,5,0.581907,0.876013,48,5
"315","Greece",1998,0,0.00074,11,7,7.38888888888889,25.6944444444444,29,12,0.585008,0.856274,48,25
"316","Greece",1999,0,0.00046,4,1,7.75,15.9722222222222,16,5,0.675304,0.828092,51,8
"317","Greece",2001,0,0.000731,9,1,7.75,17.1666666666667,45,50,0.669561,0.853194,1,8
"318","Greece",2002,0,0.001002,15,1,4.05555555555555,15.9444444444444,46,1,0.594481,0.854521,46,1
"319","Greece",2003,0,0.001721,51,1,5.08333333333333,25.6666666666667,28,8,0.564145,0.837967,4,12
"320","Greece",2005,0,0.00478,7,11,5.27777777777778,15.9722222222222,48,6,0.571458,0.832048,47,6
"321","Greece",2006,0,0.002336,8,1,4.75,21.6111111111111,40,4,0.62374,0.878027,43,7
"322","Greece",2007,0,0.006086,3,15,7.88888888888889,28.4722222222222,25,51,0.560594,0.847237,44,25
"323","Greece",2008,0,0.004725,4,17,6.47222222222222,27.6666666666667,33,7,0.580805,0.852408,5,33
"324","Greece",2010,0,0.031606,1,15,7.08333333333333,29.5833333333333,33,4,0.575099,0.838003,47,24
"325","Greece",2011,0,0.115456,6,16,7.97222222222222,22.3888888888889,39,10,0.597884,0.849686,2,46
"326","Greece",2012,0,0.006379,8,19,5.94444444444445,29.6111111111111,32,3,0.521266,0.803788,48,34
"327","Greece",2013,0,0.005142,8,22,9.25,27.4722222222222,31,51,0.515424,0.817923,8,30
"328","Honduras",2007,0,0.00014,10,1,21.6666666666667,29.3888888888889,15,45,0.581559,0.903358,47,9
"329","Honduras",2008,0,0.000543,44,1,20.9444444444444,29.5,20,47,0.61221,1.025945,44,11
"330","Honduras",2010,0,0.00524,31,39,18.8888888888889,29.1388888888889,18,2,0.714164,0.963331,2,10
"331","Honduras",2011,0,0.002822,33,6,21.6111111111111,28.9444444444444,20,48,0.714106,0.949619,41,13
"332","Honduras",2012,0,0.001764,45,4,22.0555555555556,28.7222222222222,19,1,0.699898,0.947614,45,11
"333","Honduras",2013,0,0.004284,41,8,20.4722222222222,29.0277777777778,15,3,0.659712,0.958215,3,16
"334","Iceland",1997,0,0.025923,1,51,-3.05555555555556,3.61111111111111,51,9,0.726819,0.880672,51,5
"335","Iceland",1998,0,0.051326,4,2,-8.44444444444444,6.61111111111111,29,9,0.648807,0.85651,4,10
"336","Iceland",1999,0,0.090522,8,13,-4.52777777777778,11.8888888888889,30,6,0.66722,0.941148,38,16
"337","Iceland",2001,0,0.052917,6,1,-5.22222222222222,8.58333333333334,39,9,0.653978,0.911374,42,1
"338","Iceland",2002,0,0.076749,9,1,-6.16666666666667,10.0555555555556,28,8,0.638142,0.859285,44,4
"339","Iceland",2003,0,0.065469,41,1,-4.61111111111111,8.97222222222222,23,5,0.665916,0.918819,42,18
"340","Iceland",2005,0,0.088255,3,52,-4.86111111111111,5.25,4,11,0.69294,0.874416,8,11
"341","Iceland",2006,0,0.033152,11,7,-3.63888888888889,6.69444444444444,18,12,0.674182,0.897078,5,20
"342","Iceland",2007,0,0.035645,7,12,-3.91666666666667,7.33333333333333,17,2,0.66269,0.832645,7,8
"343","Iceland",2008,0,0.050603,16,1,-3.94444444444445,5.58333333333333,19,5,0.659196,0.884124,19,14
"344","Iceland",2010,0,0.00628,51,49,-2.5,4.27777777777778,50,51,0.69554,0.767975,50,51
"345","Iceland",2011,0,0.069047,6,15,-4.72222222222222,12,30,49,0.633742,0.897214,46,23
"346","Iceland",2012,0,0.068813,7,14,-1.66666666666667,13.2777777777778,32,1,0.651696,0.900222,33,22
"347","Iceland",2013,0,0.084339,3,22,-5.31944444444444,11.8888888888889,30,49,0.631898,0.869891,30,15
"348","India",1997,0,0,1,1,18.7222222222222,30.2361111111111,17,1,0.444657,0.897654,37,9
"349","India",1998,0,1e-06,31,8,18.5416666666667,30.8055555555556,17,52,0.566181,0.908431,27,8
"350","India",1999,0,0,1,1,17.5277777777778,31.7777777777778,17,2,0.393994,0.884944,29,13
"351","India",2001,0,1e-06,1,2,18.5555555555556,32.2222222222222,19,1,0.415916,0.89693,32,6
"352","India",2002,0,6e-06,31,1,18.25,31.6944444444444,20,1,0.471383,0.876967,34,11
"353","India",2003,0,5e-06,33,2,18.3888888888889,33.4166666666667,22,3,0.406321,0.91055,29,10
"354","India",2008,0,9e-06,13,3,16.6111111111111,31.8888888888889,18,4,0.462646,0.91272,32,17
"355","India",2010,0,0.000425,32,45,18.8333333333333,32.8611111111111,19,1,0.438739,0.932341,36,14
"356","India",2011,0,0.000113,27,17,17.1111111111111,31.6111111111111,19,1,0.444887,0.922652,34,14
"357","India",2012,9e-06,0.000129,36,51,17.3333333333333,32.75,21,2,0.414794,0.916735,36,9
"358","India",2013,3e-06,7.4e-05,11,41,19.2638888888889,32.2222222222222,21,52,0.472167,0.925209,29,14
"359","Indonesia",2005,4e-05,0.000174,13,6,27.0833333333333,28.5555555555556,17,3,0.850629,0.907926,14,20
"360","Indonesia",2010,4e-06,0.000207,41,5,26.8333333333333,28.5555555555556,18,51,0.859652,0.920679,49,35
"361","Indonesia",2011,0,0.000139,49,35,26.6666666666667,27.9444444444444,48,5,0.799743,0.916229,52,34
"362","Indonesia",2012,4e-06,0.000183,3,34,26.7222222222222,28.0555555555556,40,27,0.816157,0.918418,10,40
"363","Indonesia",2013,8e-06,0.000429,5,32,26.6111111111111,28.2777777777778,13,32,0.819021,0.912229,50,39
"364","Ireland",1997,0,0.00082,3,1,0.666666666666668,9.05555555555555,2,1,0.818341,0.957634,2,6
"365","Ireland",1998,0,0,47,47,8.22222222222222,8.22222222222222,47,47,0.907819,0.907819,47,47
"366","Ireland",1999,0.000265,0.003176,51,46,3.45833333333333,7.88888888888889,48,52,0.830744,0.938635,47,48
"367","Ireland",2001,0,0.004425,6,15,0.444444444444443,14.6388888888889,39,9,0.731178,0.94118,5,9
"368","Ireland",2002,0,0.002047,8,1,4.80555555555556,13.25,40,9,0.726733,0.92512,1,14
"369","Ireland",2003,0,0.009696,45,38,4.19444444444444,16.0277777777778,37,52,0.806365,0.9209,45,35
"370","Ireland",2005,0,0.005827,3,7,2.77777777777778,12.7777777777778,43,8,0.680062,0.9477,42,19
"371","Ireland",2010,0,0.084665,52,6,-2,16.1666666666667,26,51,0.696982,0.958844,38,19
"372","Ireland",2011,0,0.106496,1,15,2.27777777777778,14.5555555555556,31,1,0.774426,0.97501,8,18
"373","Ireland",2012,0,0.015924,7,22,3.55555555555555,16.6111111111111,33,48,0.737241,0.95438,6,13
"374","Ireland",2013,0,0.025933,15,24,2.33333333333333,18.8333333333333,29,8,0.626279,0.970655,40,14
"375","Israel",1997,0,0.010924,2,6,9.11111111111111,17.3888888888889,48,6,0.499471,0.746304,51,49
"376","Israel",1998,0,0.009146,1,13,11.5555555555556,23.2777777777778,18,2,0.360291,0.721294,45,18
"377","Israel",1999,0,0.00677,52,10,12.6111111111111,28.6944444444444,29,3,0.361262,0.735874,3,49
"378","Israel",2001,0,0.005656,1,27,12.2222222222222,28.6111111111111,32,8,0.519754,0.760895,2,46
"379","Israel",2002,0,0.005686,2,13,10,20.3611111111111,10,2,0.410185,0.828133,7,10
"380","Israel",2003,0,0.008308,49,10,11.8333333333333,26.9444444444444,28,8,0.476448,0.756777,10,44
"381","Israel",2005,0.000143,0.005091,3,44,9.72222222222222,27.7222222222222,28,6,0.494354,0.772246,8,15
"382","Israel",2006,0.000141,0.005903,52,44,10.8611111111111,21.5277777777778,44,52,0.370327,0.825522,2,49
"383","Israel",2007,0.000414,0.011658,2,51,12.6111111111111,13.6666666666667,51,3,0.517849,0.665362,1,52
"384","Israel",2008,0.000136,0.006199,7,42,9.22222222222222,28.7777777777778,36,2,0.243477,0.736629,52,49
"385","Israel",2010,0,0.01898,52,12,12.8888888888889,27.6111111111111,42,4,0.192333,0.763073,9,48
"386","Israel",2011,0,0.026621,3,45,13.1666666666667,19.6666666666667,44,52,0.367845,0.739532,47,11
"387","Israel",2012,0,0.006744,9,41,11.3888888888889,25.6666666666667,42,2,0.479754,0.708734,3,8
"388","Israel",2013,0,0.027694,5,41,7.88888888888889,24.2222222222222,41,50,0.387152,0.784982,50,11
"389","Italy",1997,0,0.000229,2,42,5.5,15.0555555555556,42,5,0.612375,0.879553,48,10
"390","Italy",1998,0,0.000369,9,6,4.19444444444444,18.5555555555556,39,52,0.616106,0.870312,2,6
"391","Italy",1999,0,0.000404,4,12,3.22222222222222,21.6666666666667,39,7,0.546603,0.897512,44,5
"392","Italy",2001,0,0.000878,5,14,3.83333333333333,21.4444444444444,24,50,0.632913,0.843461,4,50
"393","Italy",2002,0,0.000946,4,11,1.83333333333333,15.2222222222222,44,1,0.545571,0.900053,52,13
"394","Italy",2003,0,0.002089,9,1,3.47222222222222,28.8888888888889,32,7,0.52141,0.887637,47,11
"395","Italy",2005,0,0.003012,5,15,1.94444444444444,15.2777777777778,17,9,0.570151,0.825612,49,5
"396","Italy",2006,0,0.000493,13,16,2.77777777777778,15.4722222222222,17,4,0.606122,0.882251,49,6
"397","Italy",2007,0,0.001064,6,15,4.41666666666667,17.5555555555556,17,51,0.647027,0.858931,3,46
"398","Italy",2008,1.7e-05,0.000671,5,14,4.75,14.7222222222222,17,7,0.614156,0.862407,50,14
"399","Italy",2010,0,0.000944,3,15,3.91666666666667,25.7777777777778,27,4,0.624888,0.88476,46,50
"400","Italy",2011,0,0.01427,4,16,4.11111111111111,15.8888888888889,14,4,0.566107,0.877285,11,16
"401","Italy",2012,1.6e-05,0.003304,6,17,0.666666666666668,14.9444444444444,17,6,0.581059,0.877724,48,13
"402","Italy",2013,0,0.003743,7,46,4.58333333333333,16.9444444444444,17,3,0.691582,0.884075,10,16
"403","Jamaica",1997,0,0.000393,51,1,25.3611111111111,29.1388888888889,49,2,0.73972,0.927429,41,9
"404","Jamaica",1998,0,0.005104,4,18,26.9166666666667,29.7777777777778,40,52,0.794558,0.996593,43,4
"405","Jamaica",1999,0,0.006984,37,1,25.625,29.1111111111111,40,52,0.738427,0.979933,46,49
"406","Jamaica",2008,0,0.001118,4,2,24.9722222222222,28.8055555555556,26,5,0.749166,0.901977,45,51
"407","Jamaica",2010,0,0.009252,37,3,23.8333333333333,28.7777777777778,23,52,0.630128,0.802801,39,10
"408","Jamaica",2011,0,0.002588,9,1,24.4166666666667,28.6944444444444,32,1,0.663561,0.85996,23,12
"409","Jamaica",2012,0,0.005531,43,1,25.6388888888889,29.25,30,1,0.711137,0.849873,41,4
"410","Jamaica",2013,0,0.004056,43,1,25.6944444444444,29.3333333333333,29,10,0.752174,0.900444,38,2
"411","Japan",1996,8e-06,0.003463,50,41,5.38888888888889,17.7222222222222,41,49,0.619475,0.817883,44,46
"412","Japan",1997,0,0.004121,3,17,3.61111111111111,26.6111111111111,27,5,0.520206,0.898159,14,17
"413","Japan",1998,0,0.000782,51,1,3.33333333333333,27.7222222222222,31,4,0.559899,0.900411,39,10
"414","Japan",1999,0,0.011277,3,23,3.55555555555555,27.8333333333333,32,51,0.565649,0.920552,38,9
"415","Japan",2001,0,0.005289,9,28,2.33333333333333,28.5555555555556,31,3,0.550329,0.904597,25,12
"416","Japan",2002,0,0.00798,5,28,4.22222222222222,28.2777777777778,31,50,0.520369,0.865287,29,12
"417","Japan",2003,0,0.008049,3,21,2.33333333333333,27.3888888888889,34,1,0.549148,0.910406,28,10
"418","Japan",2005,0,0.005627,6,33,2.58333333333333,27.8333333333333,31,51,0.518607,0.896975,28,16
"419","Japan",2006,0,0.006121,3,33,2.83333333333333,28.2777777777778,33,1,0.526782,0.944879,29,12
"420","Japan",2007,0,0.004547,9,31,4.5,28.5555555555556,33,2,0.514902,0.933252,28,11
"421","Japan",2008,0,0.003562,4,30,2.88888888888889,28.3333333333333,30,7,0.520794,0.873032,35,14
"422","Japan",2010,3.9e-05,0.004251,3,25,3.52777777777778,28.6666666666667,31,7,0.56095,0.92007,28,13
"423","Japan",2011,0,0.012926,3,35,2.52777777777778,28.2222222222222,32,3,0.477627,0.913845,34,14
"424","Japan",2012,2.4e-05,0.007535,3,24,1.83333333333333,28.5,31,5,0.522183,0.890727,27,14
"425","Japan",2013,8e-06,0.006413,4,29,3.27777777777778,29.2777777777778,32,1,0.506038,0.882608,25,15
"426","Kazakhstan",2007,0,0,39,39,-17.4722222222222,11.7222222222222,39,52,0.496984,0.815038,51,41
"427","Kazakhstan",2008,0,0.00032,12,1,-20.8888888888889,12.4166666666667,15,2,0.408027,0.816218,47,16
"428","Kazakhstan",2010,0,0.000307,19,22,-8.88888888888889,25.8333333333333,24,49,0.370176,0.72206,48,23
"429","Kazakhstan",2011,0,0.002977,5,1,-22.5555555555556,26.2777777777778,31,8,0.371627,0.776698,46,36
"430","Kazakhstan",2012,0,0.00473,6,16,-24.7222222222222,27.6666666666667,29,51,0.378325,0.822862,12,17
"431","Kazakhstan",2013,0,0.006013,8,16,-12.7777777777778,23.7222222222222,30,7,0.383171,0.849996,9,24
"432","Kenya",1998,0,0,52,52,20.2083333333333,20.2083333333333,52,52,0.648908,0.648908,52,52
"433","Kenya",2006,0,0.000245,24,25,19.1666666666667,23.5,4,37,0.490328,0.915912,52,4
"434","Kenya",2007,0,0.006081,39,1,18.3333333333333,23.3333333333333,8,27,0.521253,0.884509,16,8
"435","Kenya",2008,0,0.00217,47,1,19.1111111111111,23.3333333333333,48,34,0.579236,0.907546,17,8
"436","Kenya",2010,0,0.001534,3,52,18.8888888888889,26.3333333333333,41,30,0.555384,0.84941,28,51
"437","Kenya",2011,0,0.001534,12,52,18.4027777777778,24.7777777777778,6,33,0.415558,0.864572,47,6
"438","Kenya",2012,0,0.000935,9,3,17.9722222222222,24.7777777777778,5,28,0.379658,0.828324,45,5
"439","Kenya",2013,0,0.000371,8,10,18.3333333333333,23.2222222222222,9,34,0.521037,0.901986,18,8
"440","Kyrgyzstan",2008,0,0.003017,11,19,-14.1666666666667,29.1666666666667,31,4,0.345486,0.788327,2,37
"441","Kyrgyzstan",2010,0,0.000184,7,1,-10.0555555555556,26,29,7,0.343442,0.898911,4,20
"442","Kyrgyzstan",2011,0,0.003465,3,12,-15.6666666666667,21.7222222222222,20,51,0.455344,0.952334,47,14
"443","Kyrgyzstan",2012,0,0.003062,3,6,-15.7777777777778,28,34,3,0.314287,0.874252,50,39
"444","Kyrgyzstan",2013,0,0.002508,5,3,-6.11111111111111,27.2222222222222,31,1,0.33505,0.926159,5,25
"445","Latvia",1997,0.000412,0.012691,6,46,-6.11111111111111,4.61111111111111,46,2,0.602527,0.937675,8,7
"446","Latvia",1998,0,0.003311,12,6,-4.22222222222222,14.1111111111111,18,11,0.607611,0.947019,51,17
"447","Latvia",1999,0,0.021288,13,4,-10.0833333333333,14.1805555555556,39,6,0.627953,0.939835,40,16
"448","Latvia",2001,0,0.02413,6,1,-8.05555555555556,14,18,49,0.542318,0.952651,41,13
"449","Latvia",2002,0,0.040104,10,2,-9.30555555555556,16,18,52,0.503437,0.945719,46,15
"450","Latvia",2003,0,0.043784,10,3,-15.1111111111111,13.6666666666667,25,1,0.578128,0.974621,48,13
"451","Latvia",2005,0,0.025176,13,20,-9.22222222222222,11.5,40,9,0.554226,0.935727,48,17
"452","Latvia",2006,0,0.03446,8,40,-12.5,13.3888888888889,19,3,0.413837,0.947913,50,17
"453","Latvia",2007,0,0.078065,9,16,-13.8888888888889,10.8333333333333,40,8,0.560538,0.956272,50,12
"454","Latvia",2008,0,0.031276,6,17,-7.16666666666667,13.6666666666667,22,1,0.500559,0.96476,51,17
"455","Latvia",2010,0,0.018124,52,20,-18.2777777777778,17.6944444444444,20,4,0.652877,0.968762,47,17
"456","Latvia",2011,0,0.183864,4,21,-15.9444444444444,19.75,29,7,0.562984,0.955336,47,17
"457","Latvia",2012,0,0.113487,11,22,-18.1111111111111,18.0277777777778,28,5,0.557982,0.95431,48,14
"458","Latvia",2013,0,0.153051,10,22,-10.9444444444444,19.1111111111111,32,3,0.570295,0.948273,49,11
"459","Luxembourg",2006,0,0.025536,8,1,-2.77777777777778,14.0555555555556,43,4,0.549747,0.967111,47,14
"460","Luxembourg",2007,0,0.119484,6,1,-2.11111111111111,19.5555555555556,17,4,0.426956,0.984365,52,18
"461","Luxembourg",2008,0,0.132002,4,19,-1.27777777777778,18.1666666666667,19,52,0.41858,0.967288,1,19
"462","Luxembourg",2010,0,0.035126,52,9,-4.5,15.2777777777778,17,1,0.46668,0.933482,45,16
"463","Luxembourg",2011,0,0.220309,2,14,-2.66666666666667,15.7777777777778,16,5,0.402644,0.995268,46,16
"464","Luxembourg",2012,0,0.112129,6,3,-9.44444444444444,13.3333333333333,18,6,0.499263,0.952558,51,13
"465","Luxembourg",2013,0,0.133599,5,16,-3.88888888888889,14.3888888888889,43,3,0.545136,0.987282,42,16
"466","Madagascar",1997,0,0,1,1,26.6944444444444,27.75,9,4,0.847056,0.908449,4,1
"467","Madagascar",1998,0,0,9,9,24.4444444444444,28.7777777777778,9,39,0.712791,0.858052,10,45
"468","Madagascar",1999,0,0.000132,11,52,22.6527777777778,28.3194444444444,11,25,0.631421,0.862123,13,27
"469","Madagascar",2001,0,0.000244,45,52,23.1944444444444,27.8611111111111,52,38,0.708936,0.845069,16,35
"470","Madagascar",2002,0,0.001072,33,1,22,28.5972222222222,2,23,0.69608,0.916883,7,24
"471","Madagascar",2003,0,0.001278,24,1,21.3333333333333,28.2222222222222,10,31,0.676874,0.916992,2,31
"472","Madagascar",2005,0,0.000918,50,8,20.9722222222222,28.3888888888889,7,30,0.65108,0.917519,9,41
"473","Madagascar",2006,0,0.001845,41,12,21.3333333333333,27.7222222222222,45,36,0.58513,0.906601,5,41
"474","Madagascar",2007,0,0.000679,6,13,21.8888888888889,28.4861111111111,3,27,0.594711,0.933403,6,29
"475","Madagascar",2008,0,0.000661,2,10,21.9444444444444,28.3611111111111,52,33,0.657793,0.914259,4,29
"476","Madagascar",2010,0,0.00101,2,12,20.3333333333333,28.1111111111111,7,27,0.680303,0.956796,10,39
"477","Madagascar",2011,0,0.002475,4,41,20.5555555555556,28.0555555555556,51,28,0.667606,0.914458,10,37
"478","Madagascar",2012,0,0.001485,21,3,21.6666666666667,28.0277777777778,8,27,0.706973,0.937863,9,34
"479","Madagascar",2013,0,0.001839,21,37,19.8333333333333,28.7222222222222,4,28,0.712742,0.929827,17,31
"480","Malaysia",1996,0,0,52,52,25.7777777777778,25.7777777777778,52,52,0.896764,0.896764,52,52
"481","Malaysia",1997,0,0.000139,2,5,25.9722222222222,28.6666666666667,22,8,0.838642,0.932933,47,13
"482","Malaysia",1998,0,0.000224,21,1,26.2361111111111,29.7777777777778,21,52,0.825841,0.939685,52,9
"483","Malaysia",1999,0,0.00022,6,9,26.1388888888889,28.4444444444444,17,1,0.824482,0.946215,4,30
"484","Malaysia",2001,0,8.3e-05,38,1,26.2222222222222,28.6666666666667,20,2,0.817184,0.938559,17,27
"485","Malaysia",2002,0,8.2e-05,26,1,26.3333333333333,29.0555555555556,20,6,0.785352,0.933764,47,33
"486","Malaysia",2003,0,0.00012,38,2,26,29.0555555555556,22,51,0.847183,0.936415,50,22
"487","Malaysia",2005,0,3.9e-05,1,3,26.2222222222222,27.9444444444444,12,3,0.828587,0.885679,1,3
"488","Malaysia",2006,0,0.001363,37,2,26.2777777777778,28.3888888888889,27,1,0.851424,0.930771,47,32
"489","Malaysia",2007,0,0.001565,30,1,26.1388888888889,28.3888888888889,19,5,0.796336,0.932684,50,5
"490","Malaysia",2008,0,0.00177,7,12,25.9166666666667,28.0277777777778,20,7,0.834073,0.937491,47,6
"491","Malaysia",2010,0,0.001065,15,4,26.1111111111111,28.9444444444444,18,51,0.852109,0.942678,48,10
"492","Malaysia",2011,0,0.000245,1,10,26.1111111111111,28.4722222222222,19,12,0.872285,0.951674,44,31
"493","Malaysia",2012,0,0.000205,36,1,26.5,28.3888888888889,25,2,0.868461,0.95139,44,25
"494","Malaysia",2013,0,0.000137,48,5,26.3888888888889,29.1111111111111,25,36,0.847436,0.936415,36,25
"495","Mexico",1997,0,0,9,9,20.2777777777778,22.0277777777778,13,9,0.541011,0.645263,13,9
"496","Mexico",2001,0,8.6e-05,4,1,16.7777777777778,28.5,33,3,0.495213,0.790928,40,16
"497","Mexico",2002,0,9.4e-05,2,12,16.6111111111111,28.7222222222222,33,1,0.501329,0.777567,37,12
"498","Mexico",2003,0,0.000709,49,15,16.8055555555556,28.8611111111111,32,51,0.491417,0.817348,40,18
"499","Mexico",2005,0,0.000369,46,8,18,28.6944444444444,27,5,0.491188,0.826344,40,15
"500","Mexico",2006,0,0.000151,41,1,16.9722222222222,28.6388888888889,33,52,0.512492,0.790891,36,14
"501","Mexico",2007,0,0.000298,47,1,15.6666666666667,28.5833333333333,28,4,0.502708,0.862081,35,9
"502","Mexico",2008,0,0.00014,4,12,16.0555555555556,28.2777777777778,31,3,0.477373,0.851307,35,15
"503","Mexico",2010,3.4e-05,0.002675,49,27,15.0555555555556,28.75,25,2,0.462619,0.832938,38,18
"504","Mexico",2011,0,0.001474,52,18,17.0833333333333,28.9166666666667,24,6,0.516514,0.784632,35,15
"505","Mexico",2012,1.7e-05,0.00748,4,16,17.5555555555556,28.3333333333333,31,6,0.50458,0.754782,33,17
"506","Mexico",2013,4.1e-05,0.002706,52,22,17.0277777777778,28.5277777777778,30,1,0.439289,0.844257,37,9
"507","Mongolia",1998,0,0,39,39,-18.9722222222222,9.72222222222222,39,49,0.495162,0.788603,47,40
"508","Mongolia",1999,0,0,1,1,-16.5,-16.5,1,1,0.626298,0.626298,1,1
"509","Mongolia",2005,0,0.016917,51,5,-27.8888888888889,10.2222222222222,19,6,0.402188,0.759467,3,15
"510","Mongolia",2006,0,0.013369,1,5,-21.4444444444444,21.4166666666667,27,1,0.366026,0.716627,51,21
"511","Mongolia",2007,0,0.033665,11,2,-20.8888888888889,25.8055555555556,30,2,0.358937,0.731285,3,23
"512","Mongolia",2008,0,0.010312,7,14,-26.8888888888889,22.5555555555556,29,4,0.288218,0.691346,3,16
"513","Mongolia",2010,0,0.042993,8,18,-28.4444444444444,22.9444444444444,25,1,0.339759,0.663535,3,21
"514","Mongolia",2011,0,0.017183,3,11,-28.3611111111111,20.8333333333333,29,3,0.323222,0.693395,48,15
"515","Mongolia",2012,0,0.030896,11,20,-27.1666666666667,19.8055555555556,28,5,0.290761,0.653006,50,18
"516","Mongolia",2013,0,0.033971,6,20,-25.9166666666667,19.7222222222222,30,1,0.28476,0.655076,4,18
"517","Morocco",1997,0,0.000647,51,41,12.2638888888889,21.6388888888889,41,49,0.718599,0.848078,51,50
"518","Morocco",1998,3.6e-05,0.000216,2,3,11.3888888888889,14.6388888888889,2,3,0.690973,0.807419,3,2
"519","Morocco",2001,0,6.9e-05,1,2,12.1111111111111,13.7361111111111,1,5,0.780598,0.85006,1,5
"520","Morocco",2002,0,0.000102,47,42,12.1944444444444,20.1666666666667,42,49,0.515491,0.845307,50,45
"521","Morocco",2003,0,0.000438,51,1,9,22.5833333333333,39,2,0.590904,0.826775,40,21
"522","Morocco",2005,0,0.000667,2,41,7.40277777777778,21.6666666666667,41,5,0.634799,0.819665,52,3
"523","Morocco",2006,0,0.000885,51,41,10,22.4444444444444,44,1,0.613029,0.800945,43,52
"524","Morocco",2007,0,0.000197,1,3,9.94444444444444,23.25,36,4,0.561034,0.835101,5,2
"525","Morocco",2008,0,0.000193,50,1,10.3888888888889,20.1111111111111,17,51,0.476652,0.868114,8,14
"526","Morocco",2010,0,0.004069,1,38,11.7222222222222,23.9444444444444,38,4,0.631737,0.860523,48,39
"527","Morocco",2011,0,0.001663,3,13,9.33333333333333,24.6944444444444,36,5,0.602619,0.809121,11,41
"528","Morocco",2012,0,0.001176,3,12,9.20833333333334,23.8055555555556,38,7,0.575105,0.819095,45,11
"529","Morocco",2013,0,0.000676,7,11,10.6388888888889,27.9166666666667,32,6,0.45054,0.816896,4,19
"530","Netherlands",1997,0,0.01226,6,9,-6.66666666666667,14.7222222222222,40,1,0.768626,0.94528,46,15
"531","Netherlands",1998,0,0.001851,7,1,-1.86111111111111,16.6111111111111,29,47,0.768512,0.969151,48,12
"532","Netherlands",1999,0,0.00145,50,1,1.02777777777778,15.3888888888889,39,6,0.759872,0.974492,5,42
"533","Netherlands",2001,0,0.000125,3,1,-1.66666666666667,12.6111111111111,43,3,0.81081,0.953582,5,9
"534","Netherlands",2002,0,6.2e-05,49,1,-0.444444444444445,12.6388888888889,40,1,0.781684,0.956907,48,41
"535","Netherlands",2003,0,0.00648,12,6,1.72222222222222,8.77777777777778,10,8,0.717467,0.853332,6,12
"536","Netherlands",2008,0,0.001577,52,40,-1.63888888888889,17.6666666666667,35,52,0.761333,0.933437,45,47
"537","Netherlands",2010,0,0.003123,52,2,-2.5,20.7222222222222,28,51,0.717196,0.931135,4,27
"538","Netherlands",2011,0,0.010387,2,15,0.250000000000002,18.1944444444444,31,5,0.606383,0.944433,47,18
"539","Netherlands",2012,0,0.005017,9,23,-6.22222222222222,20.0555555555556,33,6,0.675611,0.966529,51,5
"540","Netherlands",2013,0,0.017057,6,22,-3.52777777777778,20.5833333333333,30,3,0.649713,0.96012,1,14
"541","New Caledonia",1998,0,0.092912,19,4,21.6666666666667,27.1111111111111,4,25,0.744371,0.932216,19,25
"542","New Caledonia",1999,0,0.062569,9,1,21.3888888888889,27.6111111111111,9,23,0.75105,0.952435,7,23
"543","New Caledonia",2001,0,0.018364,33,8,19.25,27.4444444444444,8,33,0.68358,0.960576,7,43
"544","New Caledonia",2002,0,0.09522,15,1,19.3611111111111,28.0277777777778,6,28,0.672776,0.994317,14,47
"545","New Caledonia",2003,0,0.158946,36,1,18.8333333333333,27.1388888888889,8,34,0.659328,0.93731,14,36
"546","New Caledonia",2005,0,0.017101,21,3,19.0555555555556,27.8333333333333,7,34,0.663206,0.959097,20,38
"547","New Caledonia",2006,0,0.06319,13,2,19,27.5,14,26,0.675816,0.961546,12,29
"548","New Caledonia",2007,0,0.119669,26,6,19.5555555555556,27,5,28,0.671403,0.955357,24,31
"549","New Caledonia",2008,0,0.053229,35,1,19.75,27.8333333333333,1,31,0.7091,0.953027,12,26
"550","New Caledonia",2010,0,0.047896,34,1,20.3888888888889,27.2777777777778,51,28,0.714723,0.9372,2,28
"551","New Caledonia",2011,0,0.039545,12,1,18.6388888888889,27.8333333333333,5,33,0.667195,0.947281,2,33
"552","New Caledonia",2012,0,0.081357,28,1,17.9444444444444,27.1666666666667,6,31,0.656733,0.952331,13,40
"553","New Caledonia",2013,0,0.054238,30,1,19.6666666666667,26.7222222222222,8,28,0.65639,0.943099,16,36
"554","New Zealand",1997,0,0.008465,26,15,7.20833333333333,18.3888888888889,8,29,0.731458,0.896207,21,20
"555","New Zealand",1998,0,0.001574,21,18,8.25,13.6111111111111,21,33,0.729417,0.857188,24,36
"556","New Zealand",1999,0,0.003914,20,17,7.66666666666667,14,22,25,0.733733,0.878268,29,26
"557","New Zealand",2001,0.000258,0.014694,24,19,6.88888888888889,14.8333333333333,18,22,0.683862,0.912504,19,21
"558","New Zealand",2002,0,0.009123,25,17,8.44444444444445,15.1111111111111,17,22,0.692199,0.858609,17,21
"559","New Zealand",2003,0,0.007697,27,19,7.16666666666667,13.5,22,29,0.721722,0.868856,21,38
"560","New Zealand",2005,0,0.009922,25,14,8.02777777777778,14.3888888888889,14,28,0.732794,0.903715,21,22
"561","New Zealand",2006,0,0.011225,30,18,7.30555555555556,12.8888888888889,21,25,0.75301,0.927843,21,38
"562","New Zealand",2007,0,0.005906,33,18,7.61111111111111,13.7777777777778,18,26,0.740612,0.884789,18,23
"563","New Zealand",2008,0,0.018471,36,18,7.83333333333333,11.8333333333333,40,27,0.749193,0.874746,24,18
"564","New Zealand",2010,0,0.01281,32,1,7.33333333333333,18.1111111111111,5,28,0.690068,0.915655,33,38
"565","New Zealand",2011,0,0.020866,34,48,6.33333333333333,16.9861111111111,52,33,0.733591,0.931661,23,28
"566","New Zealand",2012,0.000226,0.074666,28,18,7.22222222222222,12.4444444444444,36,24,0.685478,0.881382,21,26
"567","New Zealand",2013,0.000902,0.049401,38,21,7.66666666666667,13.8333333333333,42,28,0.744829,0.911578,24,36
"568","Niger",2010,0,0.000702,8,1,22.1111111111111,35.75,16,1,0.106181,0.849194,35,14
"569","Niger",2011,0,0.000616,4,1,19.3333333333333,35.1666666666667,19,3,0.130665,0.819936,33,14
"570","Niger",2012,0,0.000295,8,1,19.6111111111111,35.25,15,2,0.11021,0.825162,33,12
"571","Niger",2013,0,0.00035,7,1,20.5833333333333,34.6666666666667,21,1,0.147568,0.874792,33,9
"572","Norway",1997,0,0.009099,7,1,-5.36111111111111,12.5,23,2,0.63936,0.902543,3,12
"573","Norway",1998,0,0.009724,8,1,-6.44444444444445,14.2222222222222,26,5,0.660565,0.902047,37,10
"574","Norway",1999,0,0.006966,7,1,-6.19444444444444,8.33333333333333,44,6,0.691532,0.878462,47,10
"575","Norway",2001,0,0.00444,6,17,-8.61111111111111,9.58333333333333,40,9,0.605259,0.878956,42,13
"576","Norway",2002,0,0.006182,8,39,-5.19444444444445,13.3333333333333,36,4,0.652466,0.845988,3,16
"577","Norway",2003,0,0.038245,48,3,-7.76388888888889,16.3888888888889,30,1,0.628188,0.862254,10,16
"578","Norway",2005,0,0.017123,11,40,-4,10.3888888888889,41,11,0.585803,0.842371,47,17
"579","Norway",2006,0,0.030556,8,27,-5.63888888888889,17.0555555555556,30,9,0.611854,0.877571,39,11
"580","Norway",2007,0,0.042211,7,21,-6.94444444444444,16.5555555555556,23,6,0.587777,0.865786,49,23
"581","Norway",2008,0,0.02528,8,23,-3.66666666666667,18.1111111111111,30,12,0.535092,0.831985,46,23
"582","Norway",2010,0,0.043496,52,7,-10.7222222222222,15.3333333333333,33,1,0.586835,0.860066,31,19
"583","Norway",2011,0,0.125917,3,20,-7.05555555555556,15.1111111111111,31,8,0.607993,0.869011,46,18
"584","Norway",2012,0,0.158159,8,26,-8.27777777777778,14.8888888888889,33,5,0.629154,0.869845,28,14
"585","Norway",2013,0,0.296083,2,26,-6.47222222222222,16.7777777777778,30,3,0.52049,0.85976,1,12
"586","Oman",2008,0,0.004628,26,11,18.5,33.7777777777778,24,51,0.27678,0.700017,32,17
"587","Oman",2010,0,0.024144,1,21,19.3333333333333,33.5,26,2,0.294699,0.760024,9,12
"588","Oman",2011,0,0.019443,5,16,19.5,33.3333333333333,24,1,0.325228,0.750261,3,42
"589","Oman",2012,0,0.009053,50,27,17.8611111111111,34.5833333333333,26,4,0.294612,0.732678,2,18
"590","Oman",2013,0,0.00513,50,16,17.4722222222222,33.6944444444444,24,52,0.272505,0.721247,17,20
"591","Pakistan",2007,0,0,47,47,11.375,18.5555555555556,47,52,0.510636,0.776546,48,52
"592","Pakistan",2008,0,7.1e-05,49,1,7.52777777777778,32.0555555555556,24,4,0.325572,0.823512,31,18
"593","Pakistan",2010,0,0.000676,1,6,9.97222222222222,32.8333333333333,25,2,0.344293,0.877522,32,20
"594","Pakistan",2011,0,0.000779,1,12,8.38888888888889,33.0555555555556,23,1,0.40837,0.85132,35,19
"595","Pakistan",2012,0,0.000135,2,6,10.3888888888889,33.9444444444444,25,3,0.335457,0.852648,36,21
"596","Pakistan",2013,0,0.000151,1,21,7.72222222222222,33.6111111111111,25,1,0.328804,0.818338,33,18
"597","Panama",2007,0,0.006563,38,1,26.0555555555556,30,12,45,0.612283,0.901023,45,8
"598","Panama",2008,0,0.005918,23,1,25.3888888888889,29.2777777777778,16,48,0.621907,0.954575,48,9
"599","Panama",2010,0,0.015501,26,1,24.9444444444444,29.6666666666667,15,50,0.672407,0.969267,48,2
"600","Panama",2011,0,0.002398,38,1,24.7222222222222,28.7222222222222,18,50,0.66738,0.961209,50,11
"601","Panama",2012,0,0.01052,30,1,26.2222222222222,29.2222222222222,13,47,0.63932,0.907847,47,11
"602","Panama",2013,0,0.007101,24,1,26.25,29.8888888888889,15,44,0.629592,0.920993,41,13
"603","Paraguay",1998,0,0,39,39,20.0555555555556,27.4444444444444,50,39,0.572345,0.773398,39,48
"604","Paraguay",1999,0,0.000765,21,1,13.7222222222222,28.6111111111111,4,27,0.602068,0.881238,24,1
"605","Paraguay",2001,0,0.003647,38,6,15.2222222222222,29.3888888888889,6,30,0.467111,0.869996,21,33
"606","Paraguay",2002,0,0.001082,15,1,13.8333333333333,30.4444444444444,11,24,0.612087,0.938719,24,3
"607","Paraguay",2003,0,0.001065,5,1,13.3333333333333,30.2222222222222,5,28,0.468253,0.934088,23,38
"608","Paraguay",2005,0,0.002208,19,1,11.6111111111111,30.3055555555556,8,37,0.527089,0.970962,24,31
"609","Paraguay",2006,0,0,1,1,22.9444444444444,30.1111111111111,2,15,0.646866,0.888278,12,17
"610","Paraguay",2008,0,0.000481,26,1,12.6111111111111,29.8888888888889,52,25,0.516248,0.904273,31,49
"611","Paraguay",2010,0,0.010288,51,1,9.52777777777778,30.7916666666667,5,29,0.545713,0.889427,17,44
"612","Paraguay",2011,0,0.01335,1,10,10.5,29.6666666666667,51,27,0.489405,0.982962,29,51
"613","Paraguay",2012,0,0.012416,26,4,12.7222222222222,30.0555555555556,49,29,0.530037,0.916578,25,36
"614","Paraguay",2013,0,0.024823,27,13,12.7777777777778,30.8888888888889,5,30,0.485155,0.960727,25,35
"615","Peru",2001,7.5e-05,7.5e-05,52,52,23.0277777777778,23.0277777777778,52,52,0.764156,0.764156,52,52
"616","Peru",2002,0,0.002688,35,52,17.9444444444444,25.7777777777778,10,27,0.683225,0.855096,30,42
"617","Peru",2003,0,0.002745,10,4,18.1666666666667,24.5555555555556,1,31,0.681902,0.857556,23,43
"618","Peru",2005,0,0.001051,5,29,17.9583333333333,24.4444444444444,11,37,0.717452,0.837225,27,44
"619","Peru",2006,0,0.000538,5,1,18.4444444444444,25.7777777777778,11,39,0.730225,0.87025,19,11
"620","Peru",2007,0,0.000282,38,1,16.2222222222222,25.75,6,24,0.706466,0.911877,24,45
"621","Peru",2008,0,0.000385,17,4,19.1527777777778,25.3888888888889,4,31,0.693134,0.909582,33,52
"622","Peru",2010,0,0.003111,25,17,17.0138888888889,24.7222222222222,4,30,0.70691,0.886404,17,46
"623","Peru",2011,0,0.001144,43,7,17.2222222222222,25.0555555555556,6,29,0.70911,0.903136,29,46
"624","Peru",2012,0,0.000767,32,9,18.9444444444444,25.6111111111111,8,34,0.7001,0.882788,27,45
"625","Peru",2013,0,0.010037,30,51,17.7222222222222,25.5555555555556,9,29,0.709409,0.85381,20,39
"626","Philippines",1997,0,1.4e-05,25,35,28.1666666666667,28.5,35,25,0.883504,0.895318,25,35
"627","Philippines",1999,0,2.6e-05,51,52,26.1666666666667,26.4166666666667,52,51,0.934187,0.948076,51,52
"628","Philippines",2001,0.000125,0.000125,39,39,28,28,39,39,0.91127,0.91127,39,39
"629","Philippines",2002,0,0.000148,31,7,25.1666666666667,29.3888888888889,19,1,0.837673,0.948742,37,18
"630","Philippines",2003,0,0.000326,32,1,25.2222222222222,29.2222222222222,18,51,0.830675,0.944992,35,15
"631","Philippines",2005,0,0.00021,21,1,25.1666666666667,29.4722222222222,19,3,0.841931,0.939553,49,9
"632","Philippines",2006,0,0.000492,29,3,25.7222222222222,29.3333333333333,18,6,0.837247,0.939042,39,18
"633","Philippines",2007,0,0.000743,27,44,24.9444444444444,29.2222222222222,17,5,0.834185,0.957402,46,13
"634","Philippines",2008,0,0.000601,9,1,24.8888888888889,28.7222222222222,16,7,0.858611,0.934623,9,15
"635","Philippines",2010,1.1e-05,0.001858,34,51,25.6666666666667,29.8333333333333,20,2,0.833991,0.953953,44,20
"636","Philippines",2011,0,0.000535,33,52,25.4444444444444,28.5555555555556,20,1,0.858646,0.967048,49,14
"637","Philippines",2012,0,0.000734,30,17,26.0833333333333,28.8194444444444,17,6,0.853152,0.949521,7,16
"638","Philippines",2013,1e-05,0.000682,41,1,25.3888888888889,29.2222222222222,18,3,0.856431,0.945791,34,18
"639","Poland",1997,0,0.000155,2,1,-9.66666666666667,10.5,41,1,0.713473,0.937287,48,9
"640","Poland",1998,0,7.8e-05,4,1,-6.94444444444444,17.6666666666667,19,47,0.599658,0.917388,2,17
"641","Poland",1999,0,0.000233,6,1,-4.05555555555556,15.7222222222222,39,5,0.624645,0.91096,4,13
"642","Poland",2001,0,2.6e-05,8,1,-4.5,13.2777777777778,40,50,0.665194,0.920233,2,13
"643","Poland",2002,0,0.000105,10,2,-6.63888888888889,10.8611111111111,40,50,0.593656,0.919753,2,14
"644","Poland",2003,0,0.000183,8,2,-8.83333333333333,11.4722222222222,39,1,0.519653,0.937232,48,16
"645","Poland",2005,0,0.000236,7,1,-6.27777777777778,18.1666666666667,36,6,0.520096,0.954819,49,14
"646","Poland",2006,0,0.000157,11,1,-13.1111111111111,16.6666666666667,37,4,0.494112,0.982787,48,19
"647","Poland",2007,0,0.00021,9,1,-2.5,22.2777777777778,29,4,0.504197,0.918147,46,18
"648","Poland",2008,0,0.00021,5,1,-3.66666666666667,21.0555555555556,30,1,0.52293,0.931085,45,22
"649","Poland",2010,0,0.001782,1,11,-15.0555555555556,24.6111111111111,28,4,0.568021,0.949325,47,17
"650","Poland",2011,0,0.00745,5,20,-11.2222222222222,20.9444444444444,23,8,0.539692,0.949226,3,16
"651","Poland",2012,0,0.000701,52,2,-14,22.2777777777778,27,5,0.53863,0.948433,51,15
"652","Poland",2013,0,0.010041,3,18,-7.77777777777778,21.4444444444444,25,4,0.596666,0.945014,50,16
"653","Portugal",1996,9.9e-05,0.002383,50,37,10.6944444444444,21.1111111111111,36,49,0.648459,0.940148,42,40
"654","Portugal",1997,0,0.001489,2,7,10.0277777777778,21.5555555555556,37,1,0.601402,0.910451,50,13
"655","Portugal",1998,0,0.001084,52,1,7.94444444444444,21.4722222222222,38,49,0.636653,0.874496,6,11
"656","Portugal",1999,0,0.004926,1,8,8.02777777777778,22.1111111111111,35,2,0.636796,0.889782,52,5
"657","Portugal",2001,0,0.001851,4,12,7.47222222222222,22.7222222222222,36,52,0.662198,0.949328,9,47
"658","Portugal",2002,0,0.007161,3,10,10.5555555555556,22.6111111111111,33,2,0.640232,0.903685,51,7
"659","Portugal",2003,0,0.011754,47,11,6.22222222222222,24.0555555555556,37,2,0.564363,0.900711,46,37
"660","Portugal",2005,0,0.009594,3,15,8.02777777777778,23.2222222222222,33,4,0.469168,0.862278,52,40
"661","Portugal",2006,0,0.002744,5,1,8.08333333333333,25.8055555555556,32,51,0.619462,0.920818,44,32
"662","Portugal",2007,0,0.007926,5,13,8.11111111111111,22.1388888888889,31,4,0.536424,0.921199,9,45
"663","Portugal",2008,0,0.007622,51,16,9.72222222222222,22.7777777777778,29,48,0.64446,0.896741,49,14
"664","Portugal",2010,0,0.00771,9,13,7.83333333333333,23.8333333333333,32,7,0.637179,0.938376,10,11
"665","Portugal",2011,0,0.002925,1,10,9.44444444444444,22.1111111111111,40,5,0.542241,0.903568,1,41
"666","Portugal",2012,0,0.003986,11,16,9.55555555555556,22.8055555555556,29,6,0.552487,0.944538,51,12
"667","Portugal",2013,0,0.015199,10,19,9.86111111111111,25.1666666666667,27,9,0.555037,0.899769,4,48
"668","Romania",1997,0,0.000886,7,1,-2.84722222222222,9.22222222222222,45,1,0.626342,0.929721,48,11
"669","Romania",1998,0,4e-04,14,4,-7.05555555555556,16.2222222222222,39,52,0.62062,0.949115,48,14
"670","Romania",1999,0,0.000311,7,1,-5.22222222222222,20.1111111111111,39,5,0.626337,0.90933,2,12
"671","Romania",2001,0,0.002068,9,1,-7,16.1666666666667,40,50,0.613463,0.946495,1,14
"672","Romania",2002,0,0.003744,11,1,-7.72222222222222,13.8888888888889,16,1,0.514833,0.97528,49,11
"673","Romania",2003,0,0.004006,49,1,-7.33333333333333,16.3333333333333,40,7,0.545208,0.937053,4,14
"674","Romania",2005,0,0.001848,11,1,-11.1388888888889,15.7777777777778,20,6,0.507092,0.936089,7,14
"675","Romania",2006,0,0.000509,11,1,-11.2222222222222,17.2777777777778,40,4,0.568687,0.96634,49,18
"676","Romania",2007,0,0.002875,4,13,-4.375,28.5,29,52,0.436742,0.888335,52,30
"677","Romania",2008,0,0.005435,4,16,-5.44444444444444,13.8888888888889,15,1,0.529994,0.901431,3,13
"678","Romania",2010,0,0.017988,1,8,-11.1944444444444,25.7222222222222,33,4,0.616614,0.935215,2,34
"679","Romania",2011,0,0.005607,9,19,-8.02777777777778,25.6666666666667,28,5,0.501906,0.964949,2,17
"680","Romania",2012,0,0.001827,6,18,-12.2222222222222,26.4166666666667,34,6,0.469752,0.886407,47,34
"681","Romania",2013,0,0.005158,11,1,-4.33333333333333,25.6666666666667,32,2,0.492586,0.930873,3,19
"682","Senegal",1996,0,0.000448,25,1,25.0277777777778,34.4583333333333,18,3,0.284625,0.884676,31,9
"683","Senegal",1997,0,0.000543,39,1,24.1111111111111,33.25,17,52,0.22636,0.936695,34,5
"684","Senegal",1998,0,0.000213,27,1,24.1944444444444,33.7777777777778,19,1,0.283322,0.926401,37,10
"685","Senegal",1999,0,0.001874,24,2,22.5555555555556,32.3472222222222,18,2,0.266883,0.937837,33,6
"686","Senegal",2001,0,0.000693,23,1,24.5,34.6944444444444,19,22,0.207136,0.928279,22,7
"687","Senegal",2002,0,0.000384,30,1,23.6388888888889,34.5555555555556,17,2,0.255406,0.905264,37,17
"688","Senegal",2003,0,0.001684,30,1,24.4444444444444,31.8611111111111,13,52,0.310558,0.932691,34,5
"689","Senegal",2005,0,0.000355,25,1,24.5277777777778,32.5833333333333,14,6,0.329357,0.922057,35,1
"690","Senegal",2006,0,0.00043,34,1,21.4444444444444,31.6388888888889,14,5,0.317998,0.894987,36,10
"691","Senegal",2007,0,0.000751,40,1,23.1944444444444,33.9166666666667,14,1,0.326713,0.910934,36,1
"692","Senegal",2008,0,0.002197,35,1,23.0555555555556,31.2638888888889,20,1,0.313336,0.93572,34,4
"693","Senegal",2010,0,0.008278,6,13,25.5277777777778,32.5555555555556,20,2,0.367883,0.952482,36,3
"694","Senegal",2011,0,0.012577,41,1,23.7638888888889,31.8888888888889,20,52,0.350883,0.943625,34,6
"695","Senegal",2012,0,0.038977,42,1,22.9444444444444,33.6944444444444,18,4,0.341144,0.914175,36,11
"696","Senegal",2013,0,0.00255,43,1,22.9166666666667,32.3333333333333,21,1,0.346175,0.944969,33,5
"697","Singapore",1997,0,0,5,5,27.7222222222222,28.3333333333333,40,5,0.866881,0.888148,45,5
"698","Singapore",1998,0,0,5,5,28.1666666666667,30.2777777777778,12,5,0.804672,0.937835,14,9
"699","Singapore",2001,0.000962,0.000962,52,52,26.3611111111111,26.3611111111111,52,52,0.935611,0.935611,52,52
"700","Singapore",2002,0,0.002401,12,31,26.8333333333333,29.0277777777778,11,2,0.797424,0.903259,4,10
"701","Singapore",2007,0,0.003737,16,43,25.2222222222222,29.5555555555556,40,2,0.794443,1.01637,2,5
"702","Singapore",2008,0.000407,0.02562,19,52,25.6666666666667,29.8333333333333,20,10,0.812302,0.984757,10,8
"703","Singapore",2010,0.000977,0.06006,18,46,27,30.2777777777778,18,29,0.743558,0.929699,29,10
"704","Singapore",2011,0.000387,0.014022,3,16,25.9444444444444,30.1111111111111,19,5,0.775832,0.945791,44,39
"705","Singapore",2012,0.001318,0.00912,7,29,26.5555555555556,30.3333333333333,24,51,0.767105,0.949734,51,24
"706","Singapore",2013,0.000376,0.007718,51,18,26.3333333333333,31.2222222222222,25,6,0.621954,0.958342,6,25
"707","Slovakia",1997,0,0.001301,6,1,-6,4.72222222222222,11,1,0.597239,0.912396,51,10
"708","Slovakia",1998,0,0,5,5,-6.22222222222222,19.9444444444444,29,5,0.578685,0.937692,40,12
"709","Slovakia",1999,0,0.000556,5,1,-4.72222222222222,13.1666666666667,18,5,0.591634,0.939703,1,18
"710","Slovakia",2001,0,0.003344,3,6,-6.05555555555556,16.1666666666667,24,52,0.58276,0.935882,4,14
"711","Slovakia",2002,0,0.000372,3,1,-8.72222222222222,10.2777777777778,46,1,0.488061,0.924347,4,14
"712","Slovakia",2003,0,0.005577,10,1,-8.83333333333333,17.8888888888889,28,2,0.405409,0.94097,48,12
"713","Slovakia",2010,0,0.00129,1,5,-8.94444444444445,24.8888888888889,28,4,0.531392,0.891207,8,10
"714","Slovakia",2011,0,0.014786,7,1,-7.55555555555556,24.2222222222222,34,5,0.478684,0.952795,2,16
"715","Slovakia",2012,0,0.00777,5,2,-11.0555555555556,25.7777777777778,27,6,0.498735,0.928282,51,18
"716","Slovakia",2013,0,0.012014,9,2,-4.55555555555556,24.9444444444444,25,4,0.535945,0.904578,45,33
"717","Slovenia",1999,0,0,39,39,-3.66666666666667,17.1666666666667,39,48,0.745211,0.927021,40,42
"718","Slovenia",2001,0,0.002512,4,9,-5.38888888888889,16.2222222222222,40,50,0.651958,0.938724,4,17
"719","Slovenia",2002,0,0.019061,7,1,-3.77777777777778,17.5,20,1,0.573007,0.972103,15,13
"720","Slovenia",2003,0,0.022553,10,1,-7.58333333333333,19.3333333333333,19,2,0.490097,0.986349,48,12
"721","Slovenia",2005,0,0.027012,6,38,-8.72222222222222,13.5,39,6,0.513327,0.976243,48,14
"722","Slovenia",2006,0,0.020446,14,1,-9.47222222222222,24.6111111111111,30,4,0.553876,0.944745,47,29
"723","Slovenia",2007,0,0.037739,7,17,-4.65277777777778,26.6111111111111,29,51,0.519932,0.934915,43,29
"724","Slovenia",2008,0,0.050002,4,17,-2,23.5,26,1,0.616448,0.946772,2,19
"725","Slovenia",2010,0,0.008778,52,4,-4.41666666666667,25.1666666666667,28,52,0.62222,0.982207,47,21
"726","Slovenia",2011,0,0.057044,5,15,-3.38888888888889,25.25,34,1,0.513341,0.948458,44,15
"727","Slovenia",2012,0,0.035014,9,19,-9.88888888888889,25.8333333333333,27,6,0.536192,0.938468,47,34
"728","Slovenia",2013,0,0.032068,9,18,-1.52777777777778,25.5,30,6,0.550224,0.93267,47,31
"729","South Africa",1997,0,0.000756,32,35,10.0555555555556,22.1111111111111,40,24,0.465057,0.824601,11,33
"730","South Africa",1998,0,0.001819,21,14,11.8888888888889,24.1944444444444,6,27,0.443982,0.78627,52,24
"731","South Africa",1999,0,0.001352,26,1,12.5,23.8888888888889,9,26,0.425834,0.814842,52,24
"732","South Africa",2001,0,0.000223,24,1,10.9444444444444,24.1111111111111,2,26,0.535655,0.830977,14,30
"733","South Africa",2002,0,0.000373,26,1,9.44444444444444,23.1111111111111,1,29,0.43723,0.766508,22,19
"734","South Africa",2003,0,0.000564,22,1,9.63888888888889,24.5,6,27,0.402004,0.767207,8,35
"735","South Africa",2005,0,0.002227,23,1,10.5,23.2777777777778,1,27,0.398803,0.76294,16,30
"736","South Africa",2006,0,0.002621,23,1,8.72222222222222,22.2916666666667,1,26,0.461061,0.843927,6,30
"737","South Africa",2007,0,0.001511,31,1,7.30555555555556,24.2777777777778,4,21,0.324841,0.720569,40,31
"738","South Africa",2008,0,0.001332,28,1,8.72222222222222,22.5555555555556,5,28,0.380545,0.765892,3,36
"739","South Africa",2010,0,0.002478,31,1,9.94444444444444,23.6666666666667,6,28,0.395254,0.79755,4,29
"740","South Africa",2011,0,0.004412,23,9,8.90277777777778,22.5833333333333,51,27,0.427872,0.787713,1,29
"741","South Africa",2012,0,0.00252,34,3,10.4722222222222,23.7222222222222,2,24,0.389147,0.741789,50,40
"742","South Africa",2013,0,0.002715,23,7,11.3055555555556,22.8888888888889,4,24,0.405238,0.719546,13,40
"743","Spain",1997,0,0.000228,3,8,5.5,21.4444444444444,40,1,0.593025,0.836016,4,10
"744","Spain",1998,0,0.001588,4,11,7.19444444444445,25.5555555555556,29,49,0.582211,0.820497,5,25
"745","Spain",1999,0,0.000352,2,4,7,19.7222222222222,39,5,0.597349,0.820039,41,7
"746","Spain",2001,0,0.000321,7,4,5.11111111111111,19.7777777777778,40,51,0.580591,0.812183,2,15
"747","Spain",2002,0,0.004923,2,12,8.83333333333333,22.1666666666667,35,3,0.607181,0.839644,51,17
"748","Spain",2003,0,0.000994,46,12,4.55555555555556,15.8333333333333,42,2,0.595316,0.827836,42,14
"749","Spain",2005,0,0.000534,2,7,4.55555555555556,20.8611111111111,21,4,0.483863,0.838698,52,4
"750","Spain",2006,0,0.003373,10,5,6.16666666666667,21.3333333333333,20,51,0.604372,0.830803,3,20
"751","Spain",2007,0,0.002412,51,1,4.97222222222222,21.25,23,4,0.544966,0.805488,40,19
"752","Spain",2008,0,0.005183,52,11,6.38888888888889,18.1388888888889,42,48,0.542227,0.809227,8,14
"753","Spain",2010,0,0.011383,52,15,5.02777777777778,26.0555555555556,34,2,0.564712,0.849538,49,20
"754","Spain",2011,0,0.015003,2,18,5.02777777777778,26.1111111111111,33,4,0.516563,0.863618,1,25
"755","Spain",2012,0,0.020108,7,31,5.27777777777778,27.3055555555556,34,6,0.491567,0.8528,43,8
"756","Spain",2013,0,0.013826,7,20,7.22222222222222,26.3333333333333,33,48,0.544832,0.82688,8,31
"757","Sri Lanka",1998,0,0.00016,16,29,25.4444444444444,30.2222222222222,16,52,0.800527,0.963492,45,16
"758","Sri Lanka",1999,0,0,1,1,25.625,25.625,1,1,0.957768,0.957768,1,1
"759","Sri Lanka",2006,0,0.000353,26,1,25.0416666666667,29.2361111111111,17,4,0.763823,0.981323,2,26
"760","Sri Lanka",2007,0,4e-04,22,1,25.3472222222222,29.3888888888889,18,52,0.749724,0.970652,51,1
"761","Sri Lanka",2008,0,0.000248,17,1,25.4722222222222,29,18,2,0.776945,0.94938,42,8
"762","Sri Lanka",2010,0,0.00588,50,12,24.7638888888889,29.7777777777778,15,52,0.752428,0.975712,49,9
"763","Sri Lanka",2011,4.8e-05,0.00342,1,15,23.8888888888889,29.4722222222222,18,2,0.794916,0.969148,2,39
"764","Sri Lanka",2012,0,0.00182,28,12,24.7916666666667,29.8333333333333,21,51,0.76233,0.981963,51,8
"765","Sri Lanka",2013,0,0.005756,20,25,25.6944444444444,29.8333333333333,19,2,0.782673,0.922265,1,3
"766","Sweden",1997,0,0.008593,5,18,-8.22222222222222,6.16666666666667,18,7,0.670145,0.9355,52,12
"767","Sweden",1998,0,0.059892,8,14,-7.72222222222222,14.8888888888889,30,5,0.615404,0.9636,1,14
"768","Sweden",1999,0.000113,0.361546,52,46,-9.88888888888889,7.63888888888889,44,6,0.728134,0.946458,1,51
"769","Sweden",2001,0,0.008663,10,13,-10.3333333333333,9.94444444444444,40,52,0.590711,0.936089,4,12
"770","Sweden",2002,0,0,1,1,-7.55555555555556,1.86111111111111,2,4,0.688287,0.947507,5,8
"771","Sweden",2003,0.000111,0.032534,52,43,-2.94444444444445,4.05555555555555,44,51,0.733304,0.955689,48,43
"772","Sweden",2005,0,0.02473,9,40,-9.94444444444444,9.44444444444444,40,9,0.644903,0.944665,44,16
"773","Sweden",2006,0,0.013126,12,20,-11.3888888888889,16.5,24,10,0.583036,0.969548,40,19
"774","Sweden",2007,0,0.026846,10,20,-10.7222222222222,8.38888888888889,20,4,0.542487,0.958375,49,14
"775","Sweden",2008,0,0.011854,9,38,-4.72222222222222,11.5,19,12,0.577893,0.939965,2,17
"776","Sweden",2010,0,0.016786,52,28,-13.9166666666667,19.1111111111111,28,8,0.628995,0.941168,46,16
"777","Sweden",2011,0,0.042996,5,21,-13,17.7777777777778,31,8,0.617404,0.946572,47,12
"778","Sweden",2012,0,0.0908,9,23,-10.2777777777778,16.5555555555556,30,49,0.579382,0.94277,42,14
"779","Sweden",2013,0,0.095097,7,24,-9.61111111111111,18.3888888888889,30,4,0.59928,0.947844,50,14
"780","Switzerland",1996,0,0.007204,51,39,-7.27777777777778,9.88888888888889,39,52,0.58979,0.889892,1,11
"781","Switzerland",1997,0,0.008615,2,13,-3.16666666666667,19.8888888888889,34,1,0.506102,0.881267,42,16
"782","Switzerland",1998,0,0.008166,9,15,-3.88888888888889,23,32,4,0.489525,0.973238,40,10
"783","Switzerland",1999,0,0.00505,3,16,-5.16666666666667,13.5,18,7,0.618999,0.884949,42,11
"784","Switzerland",2001,0,0.003052,2,13,-5.19444444444445,13.8055555555556,40,51,0.644222,0.86802,1,5
"785","Switzerland",2002,0,0.005371,4,13,-5.16666666666667,9.22222222222222,43,1,0.519422,0.900782,48,13
"786","Switzerland",2003,0,0.005026,50,15,-6.5,16.7222222222222,38,2,0.524966,0.865005,40,12
"787","Switzerland",2005,0,0.006067,5,15,-6.33333333333333,14,39,4,0.528752,0.849413,42,11
"788","Switzerland",2006,0,0.004417,12,15,-4.83333333333333,13.0833333333333,43,2,0.606155,0.850843,3,14
"789","Switzerland",2007,0,0.010765,6,13,-3.27777777777778,14.6666666666667,40,4,0.66325,0.86248,47,13
"790","Switzerland",2008,0,0.005516,9,18,-2,20.4444444444444,26,52,0.561851,0.91944,44,18
"791","Switzerland",2010,0,0.012203,52,7,-4.77777777777778,22.75,28,7,0.577649,0.876937,46,10
"792","Switzerland",2011,0,0.028188,5,19,-2.77777777777778,22.3888888888889,34,5,0.50537,0.882708,45,16
"793","Switzerland",2012,0,0.006521,13,17,-10.2222222222222,21.8333333333333,34,6,0.580639,0.944678,41,13
"794","Switzerland",2013,0,0.053269,6,17,-4.61111111111111,21.7222222222222,30,8,0.65566,0.926631,47,28
"795","Thailand",1997,0,0.000132,51,4,25.3055555555556,30.1111111111111,18,4,0.674798,0.895492,40,9
"796","Thailand",1998,0,0.000231,13,8,25.6666666666667,32.0555555555556,17,51,0.687863,0.918579,41,17
"797","Thailand",1999,0,0,1,1,20.0694444444444,29.9722222222222,11,52,0.600874,0.903469,43,52
"798","Thailand",2001,0,7.9e-05,25,2,22.2222222222222,29.1666666666667,34,47,0.634539,0.875626,26,7
"799","Thailand",2002,0,0,8,8,26.7222222222222,30.75,16,47,0.702419,0.89736,34,8
"800","Thailand",2003,0,0.000139,43,4,22.3055555555556,29.2777777777778,17,51,0.669868,0.913822,37,52
"801","Thailand",2005,1.5e-05,0.000685,46,1,23,31.3055555555556,18,1,0.603899,0.914969,36,10
"802","Thailand",2006,0,0.00123,26,18,23.9444444444444,30.3333333333333,15,4,0.641442,0.92588,40,6
"803","Thailand",2007,0,0.001119,48,16,21.6666666666667,30.8888888888889,13,5,0.546701,0.90858,18,5
"804","Thailand",2008,0,0.001194,5,52,22.9444444444444,30.5,16,50,0.642521,0.911256,43,8
"805","Thailand",2010,1.5e-05,0.001626,35,15,24.5555555555556,31.6805555555556,19,3,0.64516,0.917085,42,10
"806","Thailand",2011,1.5e-05,0.001336,36,1,23.4722222222222,29.2777777777778,16,13,0.652502,0.918337,37,5
"807","Thailand",2012,0,0.000839,37,1,25.0555555555556,31.0555555555556,17,2,0.696535,0.897729,36,8
"808","Thailand",2013,0,0.000569,2,1,20.2638888888889,31.1388888888889,14,51,0.639986,0.909676,37,3
"809","Tunisia",1997,0,0,1,1,12.1666666666667,15.8611111111111,14,6,0.532129,0.790731,5,1
"810","Tunisia",1998,0,0.000323,7,4,10.3888888888889,13.3888888888889,7,4,0.650212,0.721086,7,8
"811","Tunisia",2002,0,0,3,3,11,18.1111111111111,9,3,0.423264,0.673646,3,9
"812","Tunisia",2003,0.000204,0.000306,2,3,11.3333333333333,12.1111111111111,3,2,0.708474,0.745713,3,2
"813","Tunisia",2005,0,0.000993,49,10,7.69444444444445,22.2777777777778,44,4,0.521462,0.813142,50,48
"814","Tunisia",2006,9.8e-05,0.001089,13,46,9.27777777777778,23.8888888888889,43,1,0.553557,0.840064,48,15
"815","Tunisia",2007,9.7e-05,0.001277,3,52,9.5,22.5833333333333,41,51,0.509669,0.851284,52,12
"816","Tunisia",2008,0,0.002332,9,44,10.75,20.7222222222222,44,10,0.53888,0.858178,2,48
"817","Tunisia",2010,0,0.006384,1,12,10.1666666666667,25.5555555555556,24,52,0.466979,0.797896,16,8
"818","Tunisia",2011,0,0.003105,8,17,10.3888888888889,22.4444444444444,41,9,0.533932,0.857569,48,14
"819","Tunisia",2012,0,0.001026,1,15,7.38888888888889,25.9166666666667,41,6,0.529468,0.76593,8,48
"820","Tunisia",2013,0,0.008629,9,16,10,25.0138888888889,42,6,0.44778,0.764293,49,11
"821","Turkey",1999,0,4.8e-05,51,4,4.61111111111111,9.29166666666667,51,4,0.677892,0.80643,52,50
"822","Turkey",2005,0,0.000117,49,40,1.5,17.5555555555556,40,51,0.567799,0.783326,51,43
"823","Turkey",2006,0,0.000337,2,9,-1.13888888888889,27.7222222222222,33,4,0.472505,0.828026,4,31
"824","Turkey",2007,0,0.000246,4,1,0.277777777777778,8.25,4,5,0.55831,0.80678,1,4
"825","Turkey",2008,0,1.4e-05,52,43,1.94444444444444,15.8888888888889,44,52,0.5459,0.799102,47,49
"826","Turkey",2010,0,0.000572,1,8,0.222222222222221,23.0277777777778,38,4,0.497934,0.878779,3,45
"827","Turkey",2011,0,0.003,5,18,2.72222222222222,28.4444444444444,30,5,0.428064,0.834078,8,34
"828","Turkey",2012,0,0.00155,2,20,-0.666666666666666,29.5,30,5,0.381756,0.819626,51,34
"829","Turkey",2013,0,0.002054,5,21,-0.25,26.9444444444444,33,50,0.400137,0.812739,8,30
"830","Uganda",2006,0,0.000204,14,13,22.7222222222222,25.0833333333333,13,49,0.674605,0.826798,49,34
"831","Uganda",2007,0,0.000195,28,2,21.1111111111111,26.9444444444444,10,36,0.472108,0.905181,19,8
"832","Uganda",2008,0,9.6e-05,2,1,21.6111111111111,26.1666666666667,1,23,0.566946,0.872189,23,1
"833","Uganda",2010,0,0.000406,51,3,21.8194444444444,26.9444444444444,7,35,0.548122,0.860324,44,5
"834","Uganda",2011,0,0.001322,44,3,21.375,27.1666666666667,9,33,0.461886,0.859879,33,4
"835","Uganda",2012,0,0.000935,40,3,21.1666666666667,27.8611111111111,12,32,0.36492,0.874055,32,6
"836","Uganda",2013,0,0.000578,34,46,20.9444444444444,27.2222222222222,9,43,0.436284,0.90022,43,9
"837","Ukraine",2001,0,0.000471,8,1,-9.52777777777778,16.8611111111111,24,49,0.586595,0.97153,1,13
"838","Ukraine",2002,0,0.000269,4,1,-10.5555555555556,9.33333333333333,46,50,0.554862,0.928797,3,11
"839","Ukraine",2003,0,5e-04,8,1,-10.3333333333333,14.0833333333333,39,2,0.489219,0.93659,47,16
"840","Ukraine",2005,0,0.000296,8,3,-12.2777777777778,14.3333333333333,40,6,0.436896,0.902258,45,14
"841","Ukraine",2006,0,0.000149,16,1,-16.8888888888889,12.3888888888889,16,4,0.660358,0.936349,47,4
"842","Ukraine",2007,0,0.000451,9,2,-8.11111111111111,24.8333333333333,21,8,0.493656,0.927367,49,13
"843","Ukraine",2008,0,0.000604,9,1,-10.3333333333333,12.3333333333333,15,1,0.558266,0.887441,2,13
"844","Ukraine",2010,0,0.004149,52,10,-17.9444444444444,26.2777777777778,29,4,0.438886,0.950323,2,17
"845","Ukraine",2011,0,0.006775,11,19,-9.83333333333333,23.9444444444444,28,7,0.43341,0.951939,2,17
"846","Ukraine",2012,0,0.002082,14,1,-16.8333333333333,24.6111111111111,25,5,0.51004,0.922914,48,18
"847","Ukraine",2013,0,0.001448,12,1,-5.27777777777778,24.2777777777778,26,2,0.432033,0.94081,52,19
"848","United Kingdom",1997,0,0.002352,5,16,0,15.1666666666667,35,1,0.694975,0.961983,42,16
"849","United Kingdom",1998,0,0.00202,8,10,2.72222222222222,15.3888888888889,25,4,0.749189,0.921167,39,15
"850","United Kingdom",1999,0,0.002031,4,21,1.55555555555555,18.8333333333333,31,6,0.720981,0.915246,38,30
"851","United Kingdom",2001,0,0.001881,5,15,0.555555555555556,13.9166666666667,41,3,0.783401,0.918167,5,2
"852","United Kingdom",2002,0,0.000557,2,5,3.05555555555556,13.3888888888889,39,1,0.779113,0.921926,2,8
"853","United Kingdom",2003,0,0.00382,47,26,1.27777777777778,19.1111111111111,32,1,0.697094,0.909844,6,15
"854","United Kingdom",2005,0,0.001681,5,22,1.66666666666667,18.6666666666667,28,8,0.703692,0.91281,49,19
"855","United Kingdom",2006,0,0.00172,7,20,0.805555555555557,16.1111111111111,37,9,0.704991,0.918102,43,14
"856","United Kingdom",2007,0,0.002038,6,19,2.11111111111111,15.4166666666667,31,6,0.732169,0.924464,8,18
"857","United Kingdom",2008,0,0.004124,51,22,2.44444444444444,14.7777777777778,19,52,0.715722,0.910697,45,12
"858","United Kingdom",2010,0,0.031731,51,13,-2.38888888888889,16.9444444444444,26,51,0.699384,0.903256,3,16
"859","United Kingdom",2011,0,0.042167,1,36,2.83333333333333,16.2222222222222,31,1,0.617873,0.963193,41,18
"860","United Kingdom",2012,3.2e-05,0.007592,51,35,1.16666666666667,17.2777777777778,33,5,0.720138,0.935864,27,13
"861","United Kingdom",2013,0,0.010423,10,39,0.444444444444443,18.4444444444444,29,3,0.653592,0.930628,1,13
"862","Uruguay",1997,0,0,43,43,20.0555555555556,20.0555555555556,43,43,0.8683,0.8683,43,43
"863","Uruguay",1998,0,0,20,20,10.6527777777778,14.9027777777778,21,26,0.808829,0.965984,27,25
"864","Uruguay",1999,0,0.003929,26,18,7.97222222222222,16.8055555555556,18,33,0.634532,0.932811,26,32
"865","Uruguay",2001,0,0.000902,25,18,8.22222222222222,16.4722222222222,21,25,0.792713,0.901493,21,25
"866","Uruguay",2002,0,0.003005,33,23,7,15.2222222222222,34,24,0.669231,0.9884,27,36
"867","Uruguay",2003,0,0.006315,26,16,7.05555555555556,17.8888888888889,20,28,0.633749,0.966436,17,29
"868","Uruguay",2005,0,0.005112,33,15,8.55555555555556,20.9166666666667,31,29,0.67176,0.960193,24,40
"869","Uruguay",2006,0,0.002702,31,12,6.88888888888889,23.7222222222222,11,31,0.643735,0.915574,32,13
"870","Uruguay",2007,0,0.003894,27,11,6.05555555555556,22.4444444444444,16,28,0.617922,0.961223,13,30
"871","Uruguay",2008,0,0.003582,31,11,8.69444444444444,23.375,12,22,0.541114,0.937796,27,16
"872","Uruguay",2010,0,0.005926,41,27,7.33333333333333,26.7222222222222,51,31,0.424436,0.91153,35,49
"873","Uruguay",2011,0,0.022456,31,3,6.27777777777778,26.7777777777778,4,27,0.5074,0.887936,25,37
"874","Uruguay",2012,0,0.00324,29,1,6.94444444444444,27.6944444444444,7,23,0.558934,0.954127,26,3
"875","Uruguay",2013,0,0.005891,27,1,7.27777777777778,30.0416666666667,52,29,0.526638,0.976342,37,49
"876","Vietnam",2006,0,0.000396,32,1,19,29.5555555555556,28,2,0.710664,0.968631,1,20
"877","Vietnam",2007,0,0.000617,28,7,17.9444444444444,29.75,21,5,0.770964,0.987461,46,48
"878","Vietnam",2008,1.2e-05,0.000634,31,6,17.9444444444444,28.9722222222222,29,7,0.751015,0.985179,47,7
"879","Vietnam",2010,1.2e-05,0.000666,32,17,20.0833333333333,30,24,3,0.790476,0.930424,41,11
"880","Vietnam",2011,0,0.000469,8,5,18.6111111111111,29.2916666666667,29,5,0.797174,0.965042,40,13
"881","Vietnam",2012,0,0.000417,26,4,20.0555555555556,29.6666666666667,18,1,0.819496,0.94751,48,18
"882","Vietnam",2013,0,0.000518,24,7,15.9444444444444,29.5555555555556,20,51,0.71682,0.939301,42,52
